time,value
2024-05-29 13:05:01,0
2024-05-29 13:06:01,0
2024-05-29 13:07:01,0
2024-05-29 13:08:01,0
2024-05-29 13:11:50,0
2024-05-29 13:12:08,0
2024-05-29 13:13:08,0
2024-05-29 13:14:08,5104
2024-05-29 13:15:10,13680
2024-05-29 13:16:08,5814
2024-05-29 13:17:08,5814
2024-05-29 13:18:19,5814
2024-05-29 13:19:08,5814
2024-05-29 13:20:09,0
2024-05-29 13:21:08,0
2024-05-29 13:22:09,0
2024-05-29 13:23:09,0
2024-05-29 13:24:09,0
2024-05-29 13:25:09,0
2024-05-29 13:26:08,0
2024-05-29 13:27:08,8700
2024-05-29 13:28:09,5130
2024-05-29 13:29:08,5130
2024-05-29 13:30:10,0
2024-05-29 13:31:09,0
2024-05-29 13:32:09,0
2024-05-29 13:33:08,0
2024-05-29 13:34:09,0
2024-05-29 13:35:09,0
2024-05-29 13:36:09,0
2024-05-29 13:37:09,0
2024-05-29 13:38:09,0
2024-05-29 13:39:09,0
2024-05-29 13:40:09,0
2024-05-29 13:41:09,0
2024-05-29 13:42:09,0
2024-05-29 13:43:09,0
2024-05-29 13:44:09,0
2024-05-29 13:45:09,0
2024-05-29 13:46:09,0
2024-05-29 13:47:09,0
2024-05-29 13:48:09,0
2024-05-29 13:49:09,0
2024-05-29 13:50:09,0
2024-05-29 13:51:09,0
2024-05-29 13:52:09,0
2024-05-29 13:53:09,0
2024-05-29 13:54:09,0
2024-05-29 13:55:10,0
2024-05-29 13:56:09,0
2024-05-29 13:57:09,0
2024-05-29 13:58:09,0
2024-05-29 13:59:09,0
2024-05-29 14:00:09,0
2024-05-29 14:01:21,0
2024-05-29 14:02:10,0
2024-05-29 14:03:10,0
2024-05-29 14:04:10,0
2024-05-29 14:05:10,0
2024-05-29 14:06:10,0
2024-05-29 14:07:10,0
2024-05-29 14:08:10,0
2024-05-29 14:09:09,0
2024-05-29 14:10:10,0
2024-05-29 14:11:10,0
2024-05-29 14:12:10,0
2024-05-29 14:13:10,0
2024-05-29 14:14:10,0
2024-05-29 14:15:10,0
2024-05-29 14:16:10,0
2024-05-29 14:17:10,0
2024-05-29 14:18:10,0
2024-05-29 14:19:10,0
2024-05-29 14:20:10,0
2024-05-29 14:21:10,0
2024-05-29 14:22:10,0
2024-05-29 14:23:10,0
2024-05-29 14:24:10,0
2024-05-29 14:25:10,0
2024-05-29 14:26:10,0
2024-05-29 14:27:10,0
2024-05-29 14:28:10,0
2024-05-29 14:29:11,0
2024-05-29 14:30:10,0
2024-05-29 14:31:10,0
2024-05-29 14:32:11,0
2024-05-29 14:33:10,0
2024-05-29 14:34:10,0
2024-05-29 14:35:11,0
2024-05-29 14:36:10,0
2024-05-29 14:37:10,0
2024-05-29 14:38:10,0
2024-05-29 14:39:10,0
2024-05-29 14:40:10,0
2024-05-29 14:41:11,0
2024-05-29 14:42:10,0
2024-05-29 14:43:10,0
2024-05-29 14:44:10,0
2024-05-29 14:45:11,0
2024-05-29 14:46:11,0
2024-05-29 14:47:11,0
2024-05-29 14:48:11,0
2024-05-29 14:49:11,0
2024-05-29 14:50:11,0
2024-05-29 14:51:11,0
2024-05-29 14:52:11,0
2024-05-29 14:53:11,0
2024-05-29 14:54:11,0
2024-05-29 14:55:11,0
2024-05-29 14:56:11,0
2024-05-29 14:57:11,0
2024-05-29 14:58:11,0
2024-05-29 14:59:11,0
2024-05-29 15:00:11,0
2024-05-29 15:01:11,0
2024-05-29 15:02:11,0
2024-05-29 15:03:11,0
2024-05-29 15:04:11,0
2024-05-29 15:05:11,0
2024-05-29 15:06:12,0
2024-05-29 15:07:12,0
2024-05-29 15:08:12,0
2024-05-29 15:09:11,0
2024-05-29 15:10:12,0
2024-05-29 15:11:12,0
2024-05-29 15:12:12,0
2024-05-29 15:13:11,0
2024-05-29 15:14:11,0
2024-05-29 15:15:12,0
2024-05-29 15:16:12,0
2024-05-29 15:17:12,0
2024-05-29 15:18:12,0
2024-05-29 15:19:12,0
2024-05-29 15:20:12,0
2024-05-29 15:21:12,0
2024-05-29 15:22:12,0
2024-05-29 15:23:12,0
2024-05-29 15:24:12,0
2024-05-29 15:25:12,0
2024-05-29 15:26:12,0
2024-05-29 15:27:12,0
2024-05-29 15:28:12,0
2024-05-29 15:29:12,0
2024-05-29 15:30:12,0
2024-05-29 15:31:12,0
2024-05-29 15:32:12,0
2024-05-29 15:33:12,0
2024-05-29 15:34:12,0
2024-05-29 15:35:15,0
2024-05-29 15:36:12,0
2024-05-29 15:37:13,0
2024-05-29 15:38:12,0
2024-05-29 15:39:12,0
2024-05-29 15:40:12,0
2024-05-29 15:41:13,0
2024-05-29 15:42:12,0
2024-05-29 15:43:12,0
2024-05-29 15:44:13,0
2024-05-29 15:45:13,0
2024-05-29 15:46:13,0
2024-05-29 15:47:13,0
2024-05-29 15:48:13,0
2024-05-29 15:49:13,0
2024-05-29 15:50:13,0
2024-05-29 15:51:13,0
2024-05-29 15:52:13,0
2024-05-29 15:53:13,0
2024-05-29 15:54:13,0
2024-05-29 15:55:13,0
2024-05-29 15:56:13,0
2024-05-29 15:57:13,0
2024-05-29 15:58:13,0
2024-05-29 15:59:13,0
2024-05-29 16:00:13,0
2024-05-29 16:01:13,0
2024-05-29 16:02:13,0
2024-05-29 16:03:13,0
2024-05-29 16:04:13,0
2024-05-29 16:05:13,0
2024-05-29 16:06:13,0
2024-05-29 16:07:13,0
2024-05-29 16:08:13,0
2024-05-29 16:09:13,0
2024-05-29 16:10:13,0
2024-05-29 16:11:13,0
2024-05-29 16:12:13,0
2024-05-29 16:13:13,0
2024-05-29 16:14:13,0
2024-05-29 16:15:13,0
2024-05-29 16:16:14,0
2024-05-29 16:17:14,0
2024-05-29 16:18:14,0
2024-05-29 16:19:14,0
2024-05-29 16:20:14,0
2024-05-29 16:21:14,0
2024-05-29 16:22:14,0
2024-05-29 16:23:14,0
2024-05-29 16:24:14,0
2024-05-29 16:25:14,0
2024-05-29 16:26:14,0
2024-05-29 16:27:14,0
2024-05-29 16:28:14,0
2024-05-29 16:29:14,0
2024-05-29 16:30:14,0
2024-05-29 16:31:14,0
2024-05-29 16:32:14,0
2024-05-29 16:33:14,0
2024-05-29 16:34:14,0
2024-05-29 16:35:14,0
2024-05-29 16:36:14,0
2024-05-29 16:37:14,0
2024-05-29 16:38:14,0
2024-05-29 16:39:14,0
2024-05-29 16:40:14,0
2024-05-29 16:41:14,0
2024-05-29 16:42:14,0
2024-05-29 16:43:15,0
2024-05-29 16:44:14,0
2024-05-29 16:45:15,0
2024-05-29 16:46:15,0
2024-05-29 16:47:15,0
2024-05-29 16:48:15,0
2024-05-29 16:49:15,0
2024-05-29 16:50:14,0
2024-05-29 16:51:15,0
2024-05-29 16:52:14,0
2024-05-29 16:53:15,0
2024-05-29 16:54:14,0
2024-05-29 16:55:15,0
2024-05-29 16:56:15,0
2024-05-29 16:57:15,0
2024-05-29 16:58:15,0
2024-05-29 16:59:15,0
2024-05-29 17:00:15,0
2024-05-29 17:01:15,0
2024-05-29 17:02:15,0
2024-05-29 17:03:15,0
2024-05-29 17:04:16,0
2024-05-29 17:05:15,0
2024-05-29 17:06:15,0
2024-05-29 17:07:15,0
2024-05-29 17:08:16,0
2024-05-29 17:09:15,0
2024-05-29 17:10:16,0
2024-05-29 17:11:15,0
2024-05-29 17:12:15,0
2024-05-29 17:13:15,0
2024-05-29 17:14:15,0
2024-05-29 17:15:15,0
2024-05-29 17:16:15,0
2024-05-29 17:17:16,0
2024-05-29 17:18:15,0
2024-05-29 17:19:15,0
2024-05-29 17:20:16,0
2024-05-29 17:21:16,0
2024-05-29 17:22:15,0
2024-05-29 17:23:16,0
2024-05-29 17:24:15,0
2024-05-29 17:25:16,0
2024-05-29 17:26:16,0
2024-05-29 17:27:16,0
2024-05-29 17:28:16,0
2024-05-29 17:29:16,0
2024-05-29 17:30:16,0
2024-05-29 17:31:16,0
2024-05-29 17:32:16,0
2024-05-29 17:33:16,0
2024-05-29 17:34:16,0
2024-05-29 17:35:16,0
2024-05-29 17:36:16,0
2024-05-29 17:37:16,0
2024-05-29 17:38:16,0
2024-05-29 17:39:16,0
2024-05-29 17:40:16,0
2024-05-29 17:41:16,0
2024-05-29 17:42:16,0
2024-05-29 17:43:16,0
2024-05-29 17:44:16,0
2024-05-29 17:45:16,0
2024-05-29 17:46:16,0
2024-05-29 17:47:16,0
2024-05-29 17:48:17,0
2024-05-29 17:49:16,0
2024-05-29 17:50:17,0
2024-05-29 17:51:16,0
2024-05-29 17:52:17,0
2024-05-29 17:53:16,0
2024-05-29 17:54:16,0
2024-05-29 17:55:16,0
2024-05-29 17:56:16,0
2024-05-29 17:57:16,0
2024-05-29 17:58:16,0
2024-05-29 17:59:16,0
2024-05-29 18:00:17,0
2024-05-29 18:01:16,0
2024-05-29 18:02:16,0
2024-05-29 18:03:16,0
2024-05-29 18:04:16,0
2024-05-29 18:05:17,0
2024-05-29 18:06:17,0
2024-05-29 18:07:16,0
2024-05-29 18:08:26,0
2024-05-29 18:09:17,0
2024-05-29 18:10:17,0
2024-05-29 18:11:17,0
2024-05-29 18:12:17,0
2024-05-29 18:13:17,0
2024-05-29 18:14:17,0
2024-05-29 18:15:17,0
2024-05-29 18:16:17,0
2024-05-29 18:17:17,0
2024-05-29 18:18:17,0
2024-05-29 18:19:17,0
2024-05-29 18:20:17,0
2024-05-29 18:21:17,0
2024-05-29 18:22:17,0
2024-05-29 18:23:17,0
2024-05-29 18:24:17,0
2024-05-29 18:25:17,0
2024-05-29 18:26:17,0
2024-05-29 18:27:17,0
2024-05-29 18:28:17,0
2024-05-29 18:29:17,0
2024-05-29 18:30:18,0
2024-05-29 18:31:18,0
2024-05-29 18:32:18,0
2024-05-29 18:33:18,0
2024-05-29 18:34:18,0
2024-05-29 18:35:18,0
2024-05-29 18:36:18,0
2024-05-29 18:37:18,0
2024-05-29 18:38:18,0
2024-05-29 18:39:19,0
2024-05-29 18:40:18,0
2024-05-29 18:41:18,0
2024-05-29 18:42:18,0
2024-05-29 18:43:18,0
2024-05-29 18:44:18,0
2024-05-29 18:45:18,0
2024-05-29 18:46:18,0
2024-05-29 18:47:18,0
2024-05-29 18:48:18,0
2024-05-29 18:49:18,0
2024-05-29 18:50:18,0
2024-05-29 18:51:19,0
2024-05-29 18:52:18,0
2024-05-29 18:53:18,0
2024-05-29 18:54:18,0
2024-05-29 18:55:19,0
2024-05-29 18:56:18,0
2024-05-29 18:57:18,0
2024-05-29 18:58:18,0
2024-05-29 18:59:18,0
2024-05-29 19:00:18,0
2024-05-29 19:01:18,0
2024-05-29 19:02:18,0
2024-05-29 19:03:18,0
2024-05-29 19:04:18,0
2024-05-29 19:05:18,0
2024-05-29 19:06:18,0
2024-05-29 19:07:18,0
2024-05-29 19:08:19,0
2024-05-29 19:09:18,0
2024-05-29 19:10:18,0
2024-05-29 19:11:19,0
2024-05-29 19:12:18,0
2024-05-29 19:13:19,0
2024-05-29 19:14:19,0
2024-05-29 19:15:19,0
2024-05-29 19:16:19,0
2024-05-29 19:17:19,0
2024-05-29 19:18:19,0
2024-05-29 19:19:19,0
2024-05-29 19:20:19,0
2024-05-29 19:21:19,0
2024-05-29 19:22:19,0
2024-05-29 19:23:19,0
2024-05-29 19:24:19,0
2024-05-29 19:25:19,0
2024-05-29 19:26:19,0
2024-05-29 19:27:19,0
2024-05-29 19:28:19,0
2024-05-29 19:29:19,0
2024-05-29 19:30:19,0
2024-05-29 19:31:19,0
2024-05-29 19:32:19,0
2024-05-29 19:33:19,0
2024-05-29 19:34:19,0
2024-05-29 19:35:20,0
2024-05-29 19:36:19,0
2024-05-29 19:37:20,0
2024-05-29 19:38:19,0
2024-05-29 19:39:20,0
2024-05-29 19:40:19,0
2024-05-29 19:41:20,0
2024-05-29 19:42:19,0
2024-05-29 19:43:19,0
2024-05-29 19:44:19,0
2024-05-29 19:45:19,0
2024-05-29 19:46:20,0
2024-05-29 19:47:20,0
2024-05-29 19:48:20,0
2024-05-29 19:49:20,0
2024-05-29 19:50:20,0
2024-05-29 19:51:20,0
2024-05-29 19:52:20,0
2024-05-29 19:53:20,0
2024-05-29 19:54:20,0
2024-05-29 19:55:20,0
2024-05-29 19:56:33,0
2024-05-29 19:57:20,0
2024-05-29 19:58:20,0
2024-05-29 19:59:20,0
2024-05-29 20:00:20,0
2024-05-29 20:01:20,0
2024-05-29 20:02:20,0
2024-05-29 20:03:20,0
2024-05-29 20:04:20,0
2024-05-29 20:05:20,0
2024-05-29 20:06:20,0
2024-05-29 20:07:20,0
2024-05-29 20:08:20,0
2024-05-29 20:09:20,0
2024-05-29 20:10:20,0
2024-05-29 20:11:20,0
2024-05-29 20:12:20,0
2024-05-29 20:13:20,0
2024-05-29 20:14:20,0
2024-05-29 20:15:21,0
2024-05-29 20:16:20,0
2024-05-29 20:17:21,0
2024-05-29 20:18:20,0
2024-05-29 20:19:21,0
2024-05-29 20:20:21,0
2024-05-29 20:21:21,0
2024-05-29 20:22:21,0
2024-05-29 20:23:21,0
2024-05-29 20:24:21,0
2024-05-29 20:25:20,0
2024-05-29 20:26:21,0
2024-05-29 20:27:21,0
2024-05-29 20:28:21,0
2024-05-29 20:29:21,0
2024-05-29 20:30:21,0
2024-05-29 20:31:21,0
2024-05-29 20:32:21,0
2024-05-29 20:33:21,0
2024-05-29 20:34:21,0
2024-05-29 20:35:21,0
2024-05-29 20:36:21,0
2024-05-29 20:37:21,0
2024-05-29 20:38:21,0
2024-05-29 20:39:21,0
2024-05-29 20:40:21,0
2024-05-29 20:41:21,0
2024-05-29 20:42:21,0
2024-05-29 20:43:21,0
2024-05-29 20:44:21,0
2024-05-29 20:45:21,0
2024-05-29 20:46:21,0
2024-05-29 20:47:21,0
2024-05-29 20:48:21,0
2024-05-29 20:49:21,0
2024-05-29 20:50:22,0
2024-05-29 20:51:21,0
2024-05-29 20:52:21,0
2024-05-29 20:53:21,0
2024-05-29 20:54:21,0
2024-05-29 20:55:21,0
2024-05-29 20:56:22,0
2024-05-29 20:57:21,0
2024-05-29 20:58:22,0
2024-05-29 20:59:22,0
2024-05-29 21:00:22,0
2024-05-29 21:01:22,0
2024-05-29 21:02:22,0
2024-05-29 21:03:22,0
2024-05-29 21:04:22,0
2024-05-29 21:05:22,0
2024-05-29 21:06:22,0
2024-05-29 21:07:22,0
2024-05-29 21:08:22,0
2024-05-29 21:09:22,0
2024-05-29 21:10:22,0
2024-05-29 21:11:22,0
2024-05-29 21:12:22,0
2024-05-29 21:13:22,0
2024-05-29 21:14:22,0
2024-05-29 21:15:22,0
2024-05-29 21:16:22,0
2024-05-29 21:17:22,0
2024-05-29 21:18:22,0
2024-05-29 21:19:22,0
2024-05-29 21:20:22,0
2024-05-29 21:21:22,0
2024-05-29 21:22:22,0
2024-05-29 21:23:22,0
2024-05-29 21:24:23,0
2024-05-29 21:25:22,0
2024-05-29 21:26:23,0
2024-05-29 21:27:22,0
2024-05-29 21:28:23,0
2024-05-29 21:29:23,0
2024-05-29 21:30:23,0
2024-05-29 21:31:22,0
2024-05-29 21:32:22,0
2024-05-29 21:33:22,0
2024-05-29 21:34:23,0
2024-05-29 21:35:23,0
2024-05-29 21:36:23,0
2024-05-29 21:37:23,0
2024-05-29 21:38:23,0
2024-05-29 21:39:23,0
2024-05-29 21:40:23,0
2024-05-29 21:41:23,0
2024-05-29 21:42:23,0
2024-05-29 21:43:23,0
2024-05-29 21:44:27,0
2024-05-29 21:45:23,0
2024-05-29 21:46:23,0
2024-05-29 21:47:23,0
2024-05-29 21:48:23,0
2024-05-29 21:49:23,0
2024-05-29 21:50:23,0
2024-05-29 21:51:23,0
2024-05-29 21:52:23,0
2024-05-29 21:53:23,0
2024-05-29 21:54:23,0
2024-05-29 21:55:23,0
2024-05-29 21:56:23,0
2024-05-29 21:57:23,0
2024-05-29 21:58:23,0
2024-05-29 21:59:23,0
2024-05-29 22:00:23,0
2024-05-29 22:01:24,0
2024-05-29 22:02:23,0
2024-05-29 22:03:23,0
2024-05-29 22:04:24,0
2024-05-29 22:05:24,0
2024-05-29 22:06:24,0
2024-05-29 22:07:24,0
2024-05-29 22:08:24,0
2024-05-29 22:09:24,0
2024-05-29 22:10:24,0
2024-05-29 22:11:24,0
2024-05-29 22:12:24,0
2024-05-29 22:13:24,0
2024-05-29 22:14:24,0
2024-05-29 22:15:24,0
2024-05-29 22:16:24,0
2024-05-29 22:17:24,0
2024-05-29 22:18:24,0
2024-05-29 22:19:24,0
2024-05-29 22:20:24,0
2024-05-29 22:21:24,0
2024-05-29 22:22:24,0
2024-05-29 22:23:24,0
2024-05-29 22:24:24,0
2024-05-29 22:25:24,0
2024-05-29 22:26:24,0
2024-05-29 22:27:40,0
2024-05-29 22:28:25,0
2024-05-29 22:29:25,0
2024-05-29 22:30:25,0
2024-05-29 22:31:25,0
2024-05-29 22:32:25,0
2024-05-29 22:33:25,0
2024-05-29 22:34:24,0
2024-05-29 22:35:24,0
2024-05-29 22:36:24,0
2024-05-29 22:37:25,0
2024-05-29 22:38:24,0
2024-05-29 22:39:25,0
2024-05-29 22:40:26,0
2024-05-29 22:41:25,0
2024-05-29 22:42:25,0
2024-05-29 22:43:25,0
2024-05-29 22:44:24,0
2024-05-29 22:45:24,0
2024-05-29 22:46:25,0
2024-05-29 22:47:25,0
2024-05-29 22:48:25,0
2024-05-29 22:49:25,0
2024-05-29 22:50:25,0
2024-05-29 22:51:25,0
2024-05-29 22:52:25,0
2024-05-29 22:53:25,0
2024-05-29 22:54:25,0
2024-05-29 22:55:25,0
2024-05-29 22:56:25,0
2024-05-29 22:57:25,0
2024-05-29 22:58:25,0
2024-05-29 22:59:25,0
2024-05-29 23:00:25,0
2024-05-29 23:01:25,0
2024-05-29 23:02:25,0
2024-05-29 23:03:25,0
2024-05-29 23:04:25,0
2024-05-29 23:05:25,0
2024-05-29 23:06:25,0
2024-05-29 23:07:25,0
2024-05-29 23:08:25,0
2024-05-29 23:09:25,0
2024-05-29 23:10:25,0
2024-05-29 23:11:26,0
2024-05-29 23:12:26,0
2024-05-29 23:13:26,0
2024-05-29 23:14:26,0
2024-05-29 23:15:26,0
2024-05-29 23:16:26,0
2024-05-29 23:17:26,0
2024-05-29 23:18:25,0
2024-05-29 23:19:26,0
2024-05-29 23:20:26,0
2024-05-29 23:21:25,0
2024-05-29 23:22:25,0
2024-05-29 23:23:25,0
2024-05-29 23:24:26,0
2024-05-29 23:25:25,0
2024-05-29 23:26:25,0
2024-05-29 23:27:26,0
2024-05-29 23:28:26,0
2024-05-29 23:29:26,0
2024-05-29 23:30:26,0
2024-05-29 23:31:26,0
2024-05-29 23:32:26,0
2024-05-29 23:33:26,0
2024-05-29 23:34:26,0
2024-05-29 23:35:26,0
2024-05-29 23:36:26,0
2024-05-29 23:37:27,0
2024-05-29 23:38:26,0
2024-05-29 23:39:26,0
2024-05-29 23:40:26,0
2024-05-29 23:41:26,0
2024-05-29 23:42:26,0
2024-05-29 23:43:26,0
2024-05-29 23:44:26,0
2024-05-29 23:45:26,0
2024-05-29 23:46:26,0
2024-05-29 23:47:26,0
2024-05-29 23:48:26,0
2024-05-29 23:49:26,0
2024-05-29 23:50:26,0
2024-05-29 23:51:26,0
2024-05-29 23:52:27,0
2024-05-29 23:53:27,0
2024-05-29 23:54:27,0
2024-05-29 23:55:27,0
2024-05-29 23:56:27,0
2024-05-29 23:57:27,0
2024-05-29 23:58:27,0
2024-05-29 23:59:27,0
2024-05-30 00:00:27,0
2024-05-30 00:01:27,0
2024-05-30 00:02:27,0
2024-05-30 00:03:27,0
2024-05-30 00:04:26,0
2024-05-30 00:05:27,0
2024-05-30 00:06:27,0
2024-05-30 00:07:27,0
2024-05-30 00:08:27,0
2024-05-30 00:09:27,0
2024-05-30 00:10:27,0
2024-05-30 00:11:27,0
2024-05-30 00:12:27,0
2024-05-30 00:13:27,0
2024-05-30 00:14:27,0
2024-05-30 00:15:40,0
2024-05-30 00:16:27,0
2024-05-30 00:17:27,0
2024-05-30 00:18:27,0
2024-05-30 00:19:28,0
2024-05-30 00:20:27,0
2024-05-30 00:21:28,0
2024-05-30 00:22:27,0
2024-05-30 00:23:27,0
2024-05-30 00:24:27,0
2024-05-30 00:25:27,0
2024-05-30 00:26:27,0
2024-05-30 00:27:27,0
2024-05-30 00:28:27,0
2024-05-30 00:29:28,0
2024-05-30 00:30:27,0
2024-05-30 00:31:27,0
2024-05-30 00:32:28,0
2024-05-30 00:33:28,0
2024-05-30 00:34:28,0
2024-05-30 00:35:28,0
2024-05-30 00:36:27,0
2024-05-30 00:37:30,0
2024-05-30 00:38:28,0
2024-05-30 00:39:28,0
2024-05-30 00:40:28,0
2024-05-30 00:41:28,0
2024-05-30 00:42:28,0
2024-05-30 00:43:28,0
2024-05-30 00:44:28,0
2024-05-30 00:45:28,0
2024-05-30 00:46:28,0
2024-05-30 00:47:28,0
2024-05-30 00:48:28,0
2024-05-30 00:49:28,0
2024-05-30 00:50:28,0
2024-05-30 00:51:28,0
2024-05-30 00:52:28,0
2024-05-30 00:53:28,0
2024-05-30 00:54:28,0
2024-05-30 00:55:28,0
2024-05-30 00:56:28,0
2024-05-30 00:57:28,0
2024-05-30 00:58:28,0
2024-05-30 00:59:29,0
2024-05-30 01:00:29,0
2024-05-30 01:01:29,0
2024-05-30 01:02:29,0
2024-05-30 01:03:29,0
2024-05-30 01:04:29,0
2024-05-30 01:05:29,0
2024-05-30 01:06:29,0
2024-05-30 01:07:29,0
2024-05-30 01:08:28,0
2024-05-30 01:09:29,0
2024-05-30 01:10:29,0
2024-05-30 01:11:28,0
2024-05-30 01:12:29,0
2024-05-30 01:13:29,0
2024-05-30 01:14:29,0
2024-05-30 01:15:29,0
2024-05-30 01:16:29,0
2024-05-30 01:17:29,0
2024-05-30 01:18:29,0
2024-05-30 01:19:29,0
2024-05-30 01:20:42,0
2024-05-30 01:21:29,0
2024-05-30 01:22:29,0
2024-05-30 01:23:29,0
2024-05-30 01:24:29,0
2024-05-30 01:25:29,0
2024-05-30 01:26:29,0
2024-05-30 01:27:29,0
2024-05-30 01:28:29,0
2024-05-30 01:29:29,0
2024-05-30 01:30:29,0
2024-05-30 01:31:29,0
2024-05-30 01:32:29,0
2024-05-30 01:33:29,0
2024-05-30 01:34:29,0
2024-05-30 01:35:29,0
2024-05-30 01:36:29,0
2024-05-30 01:37:30,0
2024-05-30 01:38:29,0
2024-05-30 01:39:30,0
2024-05-30 01:40:29,0
2024-05-30 01:41:29,0
2024-05-30 01:42:30,0
2024-05-30 01:43:30,0
2024-05-30 01:44:30,0
2024-05-30 01:45:30,0
2024-05-30 01:46:30,0
2024-05-30 01:47:30,0
2024-05-30 01:48:30,0
2024-05-30 01:49:30,0
2024-05-30 01:50:30,0
2024-05-30 01:51:30,0
2024-05-30 01:52:30,0
2024-05-30 01:53:30,0
2024-05-30 01:54:30,0
2024-05-30 01:55:30,0
2024-05-30 01:56:30,0
2024-05-30 01:57:31,0
2024-05-30 01:58:30,0
2024-05-30 01:59:30,0
2024-05-30 02:00:30,0
2024-05-30 02:01:30,0
2024-05-30 02:02:30,0
2024-05-30 02:03:30,0
2024-05-30 02:04:31,0
2024-05-30 02:05:30,0
2024-05-30 02:06:31,0
2024-05-30 02:07:30,0
2024-05-30 02:08:31,0
2024-05-30 02:09:30,0
2024-05-30 02:10:31,0
2024-05-30 02:11:30,0
2024-05-30 02:12:30,0
2024-05-30 02:13:31,0
2024-05-30 02:14:31,0
2024-05-30 02:15:31,0
2024-05-30 02:16:31,0
2024-05-30 02:17:31,0
2024-05-30 02:18:31,0
2024-05-30 02:19:31,0
2024-05-30 02:20:31,0
2024-05-30 02:21:31,0
2024-05-30 02:22:31,0
2024-05-30 02:23:31,0
2024-05-30 02:24:31,0
2024-05-30 02:25:47,0
2024-05-30 02:26:31,0
2024-05-30 02:27:31,0
2024-05-30 02:28:31,0
2024-05-30 02:29:31,0
2024-05-30 02:30:32,0
2024-05-30 02:31:32,0
2024-05-30 02:32:31,0
2024-05-30 02:33:31,0
2024-05-30 02:34:31,0
2024-05-30 02:35:31,0
2024-05-30 02:36:31,0
2024-05-30 02:37:31,0
2024-05-30 02:38:31,0
2024-05-30 02:39:32,0
2024-05-30 02:40:31,0
2024-05-30 02:41:31,0
2024-05-30 02:42:31,0
2024-05-30 02:43:32,0
2024-05-30 02:44:31,0
2024-05-30 02:45:31,0
2024-05-30 02:46:32,0
2024-05-30 02:47:32,0
2024-05-30 02:48:32,0
2024-05-30 02:49:32,0
2024-05-30 02:50:32,0
2024-05-30 02:51:32,0
2024-05-30 02:52:32,0
2024-05-30 02:53:32,0
2024-05-30 02:54:32,0
2024-05-30 02:55:32,0
2024-05-30 02:56:32,0
2024-05-30 02:57:32,0
2024-05-30 02:58:32,0
2024-05-30 02:59:32,0
2024-05-30 03:00:32,0
2024-05-30 03:01:32,0
2024-05-30 03:02:32,0
2024-05-30 03:03:32,0
2024-05-30 03:04:32,0
2024-05-30 03:05:32,0
2024-05-30 03:06:32,0
2024-05-30 03:07:32,0
2024-05-30 03:08:32,0
2024-05-30 03:09:32,0
2024-05-30 03:10:33,0
2024-05-30 03:11:33,0
2024-05-30 03:12:32,0
2024-05-30 03:13:33,0
2024-05-30 03:14:32,0
2024-05-30 03:15:33,0
2024-05-30 03:16:32,0
2024-05-30 03:17:32,0
2024-05-30 03:18:33,0
2024-05-30 03:19:33,0
2024-05-30 03:20:33,0
2024-05-30 03:21:33,0
2024-05-30 03:22:33,0
2024-05-30 03:23:33,0
2024-05-30 03:24:33,0
2024-05-30 03:25:33,0
2024-05-30 03:26:33,0
2024-05-30 03:27:33,0
2024-05-30 03:28:33,0
2024-05-30 03:29:33,0
2024-05-30 03:30:33,0
2024-05-30 03:31:33,0
2024-05-30 03:32:33,0
2024-05-30 03:33:33,0
2024-05-30 03:34:33,0
2024-05-30 03:35:33,0
2024-05-30 03:36:33,0
2024-05-30 03:37:33,0
2024-05-30 03:38:33,0
2024-05-30 03:39:33,0
2024-05-30 03:40:33,0
2024-05-30 03:41:33,0
2024-05-30 03:42:33,0
2024-05-30 03:43:33,0
2024-05-30 03:44:33,0
2024-05-30 03:45:34,0
2024-05-30 03:46:33,0
2024-05-30 03:47:33,0
2024-05-30 03:48:33,0
2024-05-30 03:49:33,0
2024-05-30 03:50:33,0
2024-05-30 03:51:34,0
2024-05-30 03:52:33,0
2024-05-30 03:53:34,0
2024-05-30 03:54:34,0
2024-05-30 03:55:34,0
2024-05-30 03:56:34,0
2024-05-30 03:57:34,0
2024-05-30 03:58:34,0
2024-05-30 03:59:34,0
2024-05-30 04:00:34,0
2024-05-30 04:01:34,0
2024-05-30 04:02:34,0
2024-05-30 04:03:34,0
2024-05-30 04:04:34,0
2024-05-30 04:05:34,0
2024-05-30 04:06:34,0
2024-05-30 04:07:34,0
2024-05-30 04:08:34,0
2024-05-30 04:09:34,0
2024-05-30 04:10:34,0
2024-05-30 04:11:34,0
2024-05-30 04:12:34,0
2024-05-30 04:13:43,0
2024-05-30 04:14:34,0
2024-05-30 04:15:34,0
2024-05-30 04:16:35,0
2024-05-30 04:17:34,0
2024-05-30 04:18:35,0
2024-05-30 04:19:34,0
2024-05-30 04:20:34,0
2024-05-30 04:21:34,0
2024-05-30 04:22:34,0
2024-05-30 04:23:34,0
2024-05-30 04:24:34,0
2024-05-30 04:25:34,0
2024-05-30 04:26:34,0
2024-05-30 04:27:34,0
2024-05-30 04:28:34,0
2024-05-30 04:29:34,0
2024-05-30 04:30:35,0
2024-05-30 04:31:37,0
2024-05-30 04:32:35,0
2024-05-30 04:33:35,0
2024-05-30 04:34:35,0
2024-05-30 04:35:35,0
2024-05-30 04:36:35,0
2024-05-30 04:37:35,0
2024-05-30 04:38:35,0
2024-05-30 04:39:35,0
2024-05-30 04:40:35,0
2024-05-30 04:41:35,0
2024-05-30 04:42:35,0
2024-05-30 04:43:35,0
2024-05-30 04:44:35,0
2024-05-30 04:45:35,0
2024-05-30 04:46:35,0
2024-05-30 04:47:35,0
2024-05-30 04:48:36,0
2024-05-30 04:49:35,0
2024-05-30 04:50:35,0
2024-05-30 04:51:35,0
2024-05-30 04:52:35,0
2024-05-30 04:53:35,0
2024-05-30 04:54:35,0
2024-05-30 04:55:36,0
2024-05-30 04:56:45,0
2024-05-30 04:57:35,0
2024-05-30 04:58:35,0
2024-05-30 04:59:36,0
2024-05-30 05:00:36,0
2024-05-30 05:01:36,0
2024-05-30 05:02:36,0
2024-05-30 05:03:36,0
2024-05-30 05:04:36,0
2024-05-30 05:05:36,0
2024-05-30 05:06:36,0
2024-05-30 05:07:36,0
2024-05-30 05:08:36,0
2024-05-30 05:09:36,0
2024-05-30 05:10:36,0
2024-05-30 05:11:36,0
2024-05-30 05:12:36,0
2024-05-30 05:13:36,0
2024-05-30 05:14:36,0
2024-05-30 05:15:36,0
2024-05-30 05:16:36,0
2024-05-30 05:17:36,0
2024-05-30 05:18:36,0
2024-05-30 05:19:36,0
2024-05-30 05:20:36,0
2024-05-30 05:21:37,0
2024-05-30 05:22:37,0
2024-05-30 05:23:37,0
2024-05-30 05:24:36,0
2024-05-30 05:25:36,0
2024-05-30 05:26:36,0
2024-05-30 05:27:36,0
2024-05-30 05:28:36,0
2024-05-30 05:29:36,0
2024-05-30 05:30:37,0
2024-05-30 05:31:36,0
2024-05-30 05:32:36,0
2024-05-30 05:33:36,0
2024-05-30 05:34:37,0
2024-05-30 05:35:37,0
2024-05-30 05:36:36,0
2024-05-30 05:37:37,0
2024-05-30 05:38:36,0
2024-05-30 05:39:53,0
2024-05-30 05:40:37,0
2024-05-30 05:41:37,0
2024-05-30 05:42:37,0
2024-05-30 05:43:37,0
2024-05-30 05:44:37,0
2024-05-30 05:45:37,0
2024-05-30 05:46:37,0
2024-05-30 05:47:37,0
2024-05-30 05:48:37,0
2024-05-30 05:49:37,0
2024-05-30 05:50:37,0
2024-05-30 05:51:37,0
2024-05-30 05:52:37,0
2024-05-30 05:53:37,0
2024-05-30 05:54:37,0
2024-05-30 05:55:37,0
2024-05-30 05:56:37,0
2024-05-30 05:57:37,0
2024-05-30 05:58:37,0
2024-05-30 05:59:37,0
2024-05-30 06:00:37,0
2024-05-30 06:01:37,0
2024-05-30 06:02:38,0
2024-05-30 06:03:37,0
2024-05-30 06:04:38,0
2024-05-30 06:05:37,0
2024-05-30 06:06:38,0
2024-05-30 06:07:37,0
2024-05-30 06:08:38,0
2024-05-30 06:09:37,0
2024-05-30 06:10:38,0
2024-05-30 06:11:38,0
2024-05-30 06:12:37,0
2024-05-30 06:13:37,0
2024-05-30 06:14:38,0
2024-05-30 06:15:37,0
2024-05-30 06:16:38,0
2024-05-30 06:17:38,0
2024-05-30 06:18:38,0
2024-05-30 06:19:38,0
2024-05-30 06:20:38,0
2024-05-30 06:21:38,0
2024-05-30 06:22:38,0
2024-05-30 06:23:38,0
2024-05-30 06:24:38,0
2024-05-30 06:25:40,0
2024-05-30 06:26:39,0
2024-05-30 06:27:41,0
2024-05-30 06:28:38,0
2024-05-30 06:29:39,0
2024-05-30 06:30:39,0
2024-05-30 06:31:38,0
2024-05-30 06:32:38,0
2024-05-30 06:33:39,0
2024-05-30 06:34:39,0
2024-05-30 06:35:39,0
2024-05-30 06:36:39,0
2024-05-30 06:37:38,0
2024-05-30 06:38:39,0
2024-05-30 06:39:39,0
2024-05-30 06:40:39,0
2024-05-30 06:41:39,0
2024-05-30 06:42:39,0
2024-05-30 06:43:39,0
2024-05-30 06:44:47,0
2024-05-30 06:45:39,0
2024-05-30 06:46:39,0
2024-05-30 06:47:39,0
2024-05-30 06:48:39,0
2024-05-30 06:49:39,0
2024-05-30 06:50:39,0
2024-05-30 06:51:39,0
2024-05-30 06:52:39,0
2024-05-30 06:53:39,0
2024-05-30 06:54:39,0
2024-05-30 06:55:39,0
2024-05-30 06:56:39,0
2024-05-30 06:57:39,0
2024-05-30 06:58:39,0
2024-05-30 06:59:39,0
2024-05-30 07:00:40,0
2024-05-30 07:01:39,0
2024-05-30 07:02:39,0
2024-05-30 07:03:39,0
2024-05-30 07:04:39,0
2024-05-30 07:05:39,0
2024-05-30 07:06:40,0
2024-05-30 07:07:40,0
2024-05-30 07:08:40,0
2024-05-30 07:09:40,0
2024-05-30 07:10:40,0
2024-05-30 07:11:40,0
2024-05-30 07:12:40,0
2024-05-30 07:13:39,0
2024-05-30 07:14:39,0
2024-05-30 07:15:39,0
2024-05-30 07:16:39,0
2024-05-30 07:17:39,0
2024-05-30 07:18:39,0
2024-05-30 07:19:39,0
2024-05-30 07:20:40,0
2024-05-30 07:21:39,0
2024-05-30 07:22:40,0
2024-05-30 07:23:40,0
2024-05-30 07:24:40,0
2024-05-30 07:25:39,0
2024-05-30 07:26:40,0
2024-05-30 07:27:40,0
2024-05-30 07:28:40,0
2024-05-30 07:29:40,0
2024-05-30 07:30:40,0
2024-05-30 07:31:40,0
2024-05-30 07:32:40,0
2024-05-30 07:33:40,0
2024-05-30 07:34:40,0
2024-05-30 07:35:40,0
2024-05-30 07:36:40,0
2024-05-30 07:37:40,0
2024-05-30 07:38:40,0
2024-05-30 07:39:40,0
2024-05-30 07:40:40,0
2024-05-30 07:41:40,0
2024-05-30 07:42:40,0
2024-05-30 07:43:40,0
2024-05-30 07:44:40,0
2024-05-30 07:45:40,0
2024-05-30 07:46:40,0
2024-05-30 07:47:40,0
2024-05-30 07:48:40,0
2024-05-30 07:49:43,0
2024-05-30 07:50:41,0
2024-05-30 07:51:41,0
2024-05-30 07:52:41,0
2024-05-30 07:53:41,0
2024-05-30 07:54:41,0
2024-05-30 07:55:41,0
2024-05-30 07:56:41,0
2024-05-30 07:57:41,0
2024-05-30 07:58:41,0
2024-05-30 07:59:41,0
2024-05-30 08:00:41,0
2024-05-30 08:01:41,0
2024-05-30 08:02:41,0
2024-05-30 08:03:41,0
2024-05-30 08:04:41,0
2024-05-30 08:05:41,0
2024-05-30 08:06:41,0
2024-05-30 08:07:41,0
2024-05-30 08:08:41,0
2024-05-30 08:09:41,0
2024-05-30 08:10:41,0
2024-05-30 08:11:41,0
2024-05-30 08:12:42,0
2024-05-30 08:13:41,0
2024-05-30 08:14:42,0
2024-05-30 08:15:42,0
2024-05-30 08:16:41,0
2024-05-30 08:17:41,0
2024-05-30 08:18:41,0
2024-05-30 08:19:41,0
2024-05-30 08:20:41,0
2024-05-30 08:21:41,0
2024-05-30 08:22:42,0
2024-05-30 08:23:42,0
2024-05-30 08:24:42,0
2024-05-30 08:25:41,0
2024-05-30 08:26:41,0
2024-05-30 08:27:42,0
2024-05-30 08:28:42,0
2024-05-30 08:29:41,0
2024-05-30 08:30:42,0
2024-05-30 08:31:42,0
2024-05-30 08:32:42,0
2024-05-30 08:33:42,0
2024-05-30 08:34:42,0
2024-05-30 08:35:42,0
2024-05-30 08:36:42,0
2024-05-30 08:37:42,0
2024-05-30 08:38:42,0
2024-05-30 08:39:42,0
2024-05-30 08:40:42,0
2024-05-30 08:41:42,0
2024-05-30 08:42:42,0
2024-05-30 08:43:42,0
2024-05-30 08:44:42,0
2024-05-30 08:45:42,0
2024-05-30 08:46:42,0
2024-05-30 08:47:43,0
2024-05-30 08:48:42,0
2024-05-30 08:49:42,0
2024-05-30 08:50:42,0
2024-05-30 08:51:42,0
2024-05-30 08:52:42,0
2024-05-30 08:53:42,0
2024-05-30 08:54:42,0
2024-05-30 08:55:43,0
2024-05-30 08:56:43,0
2024-05-30 08:57:43,0
2024-05-30 08:58:43,0
2024-05-30 08:59:43,0
2024-05-30 09:00:43,0
2024-05-30 09:01:43,0
2024-05-30 09:02:43,0
2024-05-30 09:03:43,0
2024-05-30 09:04:43,0
2024-05-30 09:05:43,0
2024-05-30 09:06:43,0
2024-05-30 09:07:43,0
2024-05-30 09:08:42,0
2024-05-30 09:09:43,0
2024-05-30 09:10:43,0
2024-05-30 09:11:43,0
2024-05-30 09:12:43,0
2024-05-30 09:13:43,0
2024-05-30 09:14:43,0
2024-05-30 09:15:43,0
2024-05-30 09:16:43,0
2024-05-30 09:17:43,0
2024-05-30 09:18:44,0
2024-05-30 09:19:43,0
2024-05-30 09:20:44,0
2024-05-30 09:21:43,0
2024-05-30 09:22:44,0
2024-05-30 09:23:43,0
2024-05-30 09:24:43,0
2024-05-30 09:25:43,0
2024-05-30 09:26:44,7705
2024-05-30 09:27:44,7705
2024-05-30 09:28:44,0
2024-05-30 09:29:44,0
2024-05-30 09:30:44,0
2024-05-30 09:31:44,0
2024-05-30 09:32:44,0
2024-05-30 09:33:44,0
2024-05-30 09:34:44,0
2024-05-30 09:35:44,0
2024-05-30 09:36:44,0
2024-05-30 09:37:51,0
2024-05-30 09:38:44,0
2024-05-30 09:39:44,0
2024-05-30 09:40:44,0
2024-05-30 09:41:44,0
2024-05-30 09:42:44,0
2024-05-30 09:43:44,0
2024-05-30 09:44:44,0
2024-05-30 09:45:44,0
2024-05-30 09:46:44,0
2024-05-30 09:47:44,0
2024-05-30 09:48:44,0
2024-05-30 09:49:44,0
2024-05-30 09:50:44,0
2024-05-30 09:51:44,0
2024-05-30 09:52:44,0
2024-05-30 09:53:44,0
2024-05-30 09:54:44,0
2024-05-30 09:55:44,0
2024-05-30 09:56:44,0
2024-05-30 09:57:44,0
2024-05-30 09:58:44,0
2024-05-30 09:59:45,0
2024-05-30 10:00:45,0
2024-05-30 10:01:44,0
2024-05-30 10:02:48,0
2024-05-30 10:03:45,0
2024-05-30 10:04:45,0
2024-05-30 10:05:45,0
2024-05-30 10:06:45,0
2024-05-30 10:07:44,0
2024-05-30 10:08:45,0
2024-05-30 10:09:45,0
2024-05-30 10:10:44,0