2024-05-28 10:14:13,0
2024-05-28 10:15:13,0
2024-05-28 10:16:13,0
2024-05-28 10:17:13,0
2024-05-28 10:18:13,0
2024-05-28 10:19:13,0
2024-05-28 10:20:13,0
2024-05-28 10:21:13,0
2024-05-28 10:22:13,0
2024-05-28 10:23:13,0
2024-05-28 10:24:13,609670
2024-05-28 10:25:13,602620
2024-05-28 10:26:14,600360
2024-05-28 10:27:13,0
2024-05-28 10:28:13,0
2024-05-28 10:29:18,0
2024-05-28 10:30:14,0
2024-05-28 10:31:14,0
2024-05-28 10:32:14,0
2024-05-28 10:33:14,0
2024-05-28 10:34:14,0
2024-05-28 10:35:14,0
2024-05-28 10:36:14,0
2024-05-28 10:37:13,0
2024-05-28 10:38:14,0
2024-05-28 10:39:14,0
2024-05-28 10:40:14,0
2024-05-28 10:41:14,0
2024-05-28 10:42:14,0
2024-05-28 10:43:14,0
2024-05-28 10:44:14,0
2024-05-28 10:45:14,0
2024-05-28 10:46:14,0
2024-05-28 10:47:14,0
2024-05-28 10:48:14,0
2024-05-28 10:49:14,0
2024-05-28 10:50:14,0
2024-05-28 10:51:20,0
2024-05-28 10:52:15,0
2024-05-28 10:53:15,0
2024-05-28 10:54:15,0
2024-05-28 10:55:14,0
2024-05-28 10:56:15,0
2024-05-28 10:57:15,602170
2024-05-28 10:58:15,601040
2024-05-28 10:59:15,605450
2024-05-28 11:00:15,605450
2024-05-28 11:01:14,599350
2024-05-28 11:02:15,0
2024-05-28 11:03:15,0
2024-05-28 11:04:15,0
2024-05-28 11:05:15,0
2024-05-28 11:06:15,0
2024-05-28 11:07:14,0
2024-05-28 11:08:14,0
2024-05-28 11:09:15,124300
2024-05-28 11:10:15,110050
2024-05-28 11:11:15,112750
2024-05-28 11:12:18,111600
2024-05-28 11:13:15,111640
2024-05-28 11:14:15,111640
2024-05-28 11:15:15,112770
2024-05-28 11:16:16,114000
2024-05-28 11:17:15,114220
2024-05-28 11:18:15,114220
2024-05-28 11:19:15,113450
2024-05-28 11:20:15,113450
2024-05-28 11:21:15,113560
2024-05-28 11:22:15,114790
2024-05-28 11:23:15,115690
2024-05-28 11:24:15,115570
2024-05-28 11:25:15,114450
2024-05-28 11:26:15,114450
2024-05-28 11:27:15,116030
2024-05-28 11:28:15,115460
2024-05-28 11:29:15,116690
2024-05-28 11:30:15,116920
2024-05-28 11:31:15,114450
2024-05-28 11:32:16,114000
2024-05-28 11:33:15,113000
2024-05-28 11:34:15,113000
2024-05-28 11:35:16,116110
2024-05-28 11:36:15,116230
2024-05-28 11:37:16,114650
2024-05-28 11:38:16,114220
2024-05-28 11:39:16,114880
2024-05-28 11:40:16,113880
2024-05-28 11:41:16,114110
2024-05-28 11:42:16,114540
2024-05-28 11:43:16,114540
2024-05-28 11:44:16,0
2024-05-28 11:45:16,0
2024-05-28 11:46:16,0
2024-05-28 11:47:16,0
2024-05-28 11:48:16,0
2024-05-28 11:49:16,0
2024-05-28 11:50:16,594380
2024-05-28 11:51:16,0
2024-05-28 11:52:16,0
2024-05-28 11:53:16,0
2024-05-28 11:54:16,0
2024-05-28 11:55:16,0
2024-05-28 11:56:16,0
2024-05-28 11:57:17,0
2024-05-28 11:58:17,0
2024-05-28 11:59:17,0
2024-05-28 12:00:17,0
2024-05-28 12:01:17,0
2024-05-28 12:02:17,0
2024-05-28 12:03:16,0
2024-05-28 12:04:17,0
2024-05-28 12:05:17,0
2024-05-28 12:06:17,0
2024-05-28 12:07:17,0
2024-05-28 12:08:17,0
2024-05-28 12:09:17,0
2024-05-28 12:10:17,0
2024-05-28 12:11:17,0
2024-05-28 12:12:17,0
2024-05-28 12:13:17,0
2024-05-28 12:14:17,0
2024-05-28 12:15:17,0
2024-05-28 12:16:17,0
2024-05-28 12:17:17,0
2024-05-28 12:18:17,0
2024-05-28 12:19:17,0
2024-05-28 12:20:17,0
2024-05-28 12:21:17,0
2024-05-28 12:22:17,0
2024-05-28 12:23:17,604880
2024-05-28 12:24:17,598670
2024-05-28 12:25:17,0
2024-05-28 12:26:17,0
2024-05-28 12:27:17,0
2024-05-28 12:28:17,0
2024-05-28 12:29:17,0
2024-05-28 12:30:17,0
2024-05-28 12:31:18,0
2024-05-28 12:32:17,0
2024-05-28 12:33:17,0
2024-05-28 12:34:17,0
2024-05-28 12:35:17,0
2024-05-28 12:36:17,0
2024-05-28 12:37:18,0
2024-05-28 12:38:33,0
2024-05-28 12:39:18,0
2024-05-28 12:40:18,0
2024-05-28 12:41:18,0
2024-05-28 12:42:18,0
2024-05-28 12:43:18,0
2024-05-28 12:44:18,0
2024-05-28 12:45:18,0
2024-05-28 12:46:58,0
2024-05-28 12:47:18,0
2024-05-28 12:48:18,0
2024-05-28 12:49:18,0
2024-05-28 12:50:18,0
2024-05-28 12:51:18,0
2024-05-28 12:52:18,0
2024-05-28 12:53:18,0
2024-05-28 12:54:18,0
2024-05-28 12:55:18,0
2024-05-28 12:56:18,0
2024-05-28 12:57:18,0
2024-05-28 12:58:18,0
2024-05-28 12:59:18,0
2024-05-28 13:00:18,0
2024-05-28 13:01:19,0
2024-05-28 13:02:18,0
2024-05-28 13:03:19,0
2024-05-28 13:04:18,0
2024-05-28 13:05:19,600140
2024-05-28 13:06:18,600140
2024-05-28 13:07:19,0
2024-05-28 13:08:18,0
2024-05-28 13:09:18,0
2024-05-28 13:10:18,0
2024-05-28 13:11:18,0
2024-05-28 13:12:18,0
2024-05-28 13:13:18,0
2024-05-28 13:14:19,0
2024-05-28 13:15:18,0
2024-05-28 13:16:19,0
2024-05-28 13:17:19,0
2024-05-28 13:18:19,0
2024-05-28 13:19:19,0
2024-05-28 13:20:19,0
2024-05-28 13:21:19,0
2024-05-28 13:22:19,0
2024-05-28 13:23:19,0
2024-05-28 13:24:19,0
2024-05-28 13:25:19,0
2024-05-28 13:26:19,0
2024-05-28 13:27:20,0
2024-05-28 13:28:19,0
2024-05-28 13:29:19,0
2024-05-28 13:30:19,0
2024-05-28 13:31:19,108980
2024-05-28 13:32:19,111240
2024-05-28 13:33:19,112120
2024-05-28 13:34:19,113500
2024-05-28 13:35:19,115530
2024-05-28 13:36:19,114110
2024-05-28 13:37:19,113770
2024-05-28 13:38:19,113770
2024-05-28 13:39:19,113770
2024-05-28 13:40:19,114000
2024-05-28 13:41:19,114650
2024-05-28 13:42:20,115340
2024-05-28 13:43:20,113000
2024-05-28 13:44:20,113000
2024-05-28 13:45:20,115340
2024-05-28 13:46:20,115230
2024-05-28 13:47:20,113790
2024-05-28 13:48:20,113560
2024-05-28 13:49:20,668970
2024-05-28 13:50:20,667740
2024-05-28 13:51:20,673810
2024-05-28 13:52:20,673810
2024-05-28 13:53:20,672230
2024-05-28 13:54:20,672800
2024-05-28 13:55:20,115140
2024-05-28 13:56:20,113790
2024-05-28 13:57:20,113670
2024-05-28 13:58:20,113110
2024-05-28 13:59:20,113560
2024-05-28 14:00:20,113560
2024-05-28 14:01:20,115110
2024-05-28 14:02:20,115110
2024-05-28 14:03:20,113880
2024-05-28 14:04:20,113650
2024-05-28 14:05:29,114000
2024-05-28 14:06:21,113770
2024-05-28 14:07:20,113770
2024-05-28 14:08:21,114880
2024-05-28 14:09:20,114880
2024-05-28 14:10:21,0
2024-05-28 14:11:20,0
2024-05-28 14:12:20,0
2024-05-28 14:13:20,0
2024-05-28 14:14:21,0
2024-05-28 14:15:20,0
2024-05-28 14:16:20,0
2024-05-28 14:17:21,0
2024-05-28 14:18:21,0
2024-05-28 14:19:21,0
2024-05-28 14:20:21,0
2024-05-28 14:21:21,0
2024-05-28 14:22:21,0
2024-05-28 14:23:21,0
2024-05-28 14:24:21,0
2024-05-28 14:25:21,0
2024-05-28 14:26:21,0
2024-05-28 14:27:21,0
2024-05-28 14:28:21,0
2024-05-28 14:29:21,0
2024-05-28 14:30:21,0
2024-05-28 14:31:56,0
2024-05-28 14:32:21,0
2024-05-28 14:33:21,0
2024-05-28 14:34:21,592290
2024-05-28 14:35:22,592290
2024-05-28 14:36:21,0
2024-05-28 14:37:21,0
2024-05-28 14:38:21,0
2024-05-28 14:39:21,0
2024-05-28 14:40:21,0
2024-05-28 14:41:21,0
2024-05-28 14:42:21,0
2024-05-28 14:43:21,0
2024-05-28 14:44:21,0
2024-05-28 14:45:22,0
2024-05-28 14:46:21,0
2024-05-28 14:47:21,0
2024-05-28 14:48:21,0
2024-05-28 14:49:22,0
2024-05-28 14:50:22,0
2024-05-28 14:51:22,0
2024-05-28 14:52:22,0
2024-05-28 14:53:22,0
2024-05-28 14:54:22,0
2024-05-28 14:55:22,0
2024-05-28 14:56:22,0
2024-05-28 14:57:22,0
2024-05-28 14:58:22,0
2024-05-28 14:59:22,0
2024-05-28 15:00:22,0
2024-05-28 15:01:22,0
2024-05-28 15:02:22,0
2024-05-28 15:03:22,0
2024-05-28 15:04:23,0
2024-05-28 15:05:22,115300
2024-05-28 15:06:22,115300
2024-05-28 15:07:22,114880
2024-05-28 15:08:22,113110
2024-05-28 15:09:22,114570
2024-05-28 15:10:38,114350
2024-05-28 15:11:23,116150
2024-05-28 15:12:23,682860
2024-05-28 15:13:23,675960
2024-05-28 15:14:23,675960
2024-05-28 15:15:23,664000
2024-05-28 15:16:23,664000
2024-05-28 15:17:22,664000
2024-05-28 15:18:22,116720
2024-05-28 15:19:23,116720
2024-05-28 15:20:22,117850
2024-05-28 15:21:23,115930
2024-05-28 15:22:22,114920
2024-05-28 15:23:23,114920
2024-05-28 15:24:23,116610
2024-05-28 15:25:23,116160
2024-05-28 15:26:23,116050
2024-05-28 15:27:23,115590
2024-05-28 15:28:23,117970
2024-05-28 15:29:23,117970
2024-05-28 15:30:23,115710
2024-05-28 15:31:23,115710
2024-05-28 15:32:23,115370
2024-05-28 15:33:23,114920
2024-05-28 15:34:23,116390
2024-05-28 15:35:24,118430
2024-05-28 15:36:23,118430
2024-05-28 15:37:23,118430
2024-05-28 15:38:24,115820
2024-05-28 15:39:23,117870
2024-05-28 15:40:24,117870
2024-05-28 15:41:23,118550
2024-05-28 15:42:23,118550
2024-05-28 15:43:23,117620
2024-05-28 15:44:23,117390
2024-05-28 15:45:23,117390
2024-05-28 15:46:24,114910
2024-05-28 15:47:23,114240
2024-05-28 15:48:23,113450
2024-05-28 15:49:24,114790
2024-05-28 15:50:23,114570
2024-05-28 15:51:23,113560
2024-05-28 15:52:23,115230
2024-05-28 15:53:23,113220
2024-05-28 15:54:24,113220
2024-05-28 15:55:24,113220
2024-05-28 15:56:24,113220
2024-05-28 15:57:24,113220
2024-05-28 15:58:24,113220
2024-05-28 15:59:24,113220
2024-05-28 16:00:24,113220
2024-05-28 16:01:24,113220
2024-05-28 16:02:24,113220
2024-05-28 16:03:24,113220
2024-05-28 16:04:24,113220
2024-05-28 16:05:24,113220
2024-05-28 16:06:24,113220
2024-05-28 16:07:24,113220
2024-05-28 16:08:24,113220
2024-05-28 16:09:24,113220
2024-05-28 16:10:24,113220
2024-05-28 16:11:24,113220
2024-05-28 16:12:24,113220
2024-05-28 16:13:24,113220
2024-05-28 16:14:24,113220
2024-05-28 16:15:25,113220
2024-05-28 16:16:25,113220
2024-05-28 16:17:25,113220
2024-05-28 16:18:25,113220
2024-05-28 16:19:25,0
2024-05-28 16:20:25,0
2024-05-28 16:21:25,0
2024-05-28 16:22:25,0
2024-05-28 16:23:25,0
2024-05-28 16:24:24,0
2024-05-28 16:25:25,0
2024-05-28 16:26:24,0
2024-05-28 16:27:25,0
2024-05-28 16:28:25,0
2024-05-28 16:29:25,0
2024-05-28 16:30:25,0
2024-05-28 16:31:25,0
2024-05-28 16:32:25,0
2024-05-28 16:33:25,0
2024-05-28 16:34:25,0
2024-05-28 16:35:25,0
2024-05-28 16:36:25,0
2024-05-28 16:37:25,0
2024-05-28 16:38:25,0
2024-05-28 16:39:25,0
2024-05-28 16:40:25,607270
2024-05-28 16:41:25,605560
2024-05-28 16:42:25,0
2024-05-28 16:43:25,0
2024-05-28 16:44:25,0
2024-05-28 16:45:25,0
2024-05-28 16:46:25,0
2024-05-28 16:47:25,0
2024-05-28 16:48:25,0
2024-05-28 16:49:25,0
2024-05-28 16:50:25,0
2024-05-28 16:51:25,0
2024-05-28 16:52:25,0
2024-05-28 16:53:25,0
2024-05-28 16:54:25,0
2024-05-28 16:55:25,0
2024-05-28 16:56:25,0
2024-05-28 16:57:26,0
2024-05-28 16:58:36,0
2024-05-28 16:59:26,0
2024-05-28 17:00:26,0
2024-05-28 17:01:26,0
2024-05-28 17:02:26,0
2024-05-28 17:03:26,0
2024-05-28 17:04:26,0
2024-05-28 17:05:26,0
2024-05-28 17:06:26,0
2024-05-28 17:07:26,0
2024-05-28 17:08:26,108640
2024-05-28 17:09:26,108640
2024-05-28 17:10:26,108640
2024-05-28 17:11:26,116810
2024-05-28 17:12:26,113790
2024-05-28 17:13:26,114680
2024-05-28 17:14:26,116810
2024-05-28 17:15:26,116150
2024-05-28 17:16:26,115480
2024-05-28 17:17:26,116030
2024-05-28 17:18:26,117270
2024-05-28 17:19:26,117160
2024-05-28 17:20:26,116380
2024-05-28 17:21:27,115140
2024-05-28 17:22:27,114460
2024-05-28 17:23:27,116260
2024-05-28 17:24:27,116920
2024-05-28 17:25:26,116920
2024-05-28 17:26:26,116920
2024-05-28 17:27:26,681260
2024-05-28 17:28:27,681260
2024-05-28 17:29:27,115920
2024-05-28 17:30:27,115920
2024-05-28 17:31:27,115250
2024-05-28 17:32:27,115250
2024-05-28 17:33:27,115800
2024-05-28 17:34:27,116810
2024-05-28 17:35:27,115460
2024-05-28 17:36:27,114450
2024-05-28 17:37:27,116110
2024-05-28 17:38:27,115230
2024-05-28 17:39:27,115110
2024-05-28 17:40:27,114220
2024-05-28 17:41:27,114880
2024-05-28 17:42:27,0
2024-05-28 17:43:27,0
2024-05-28 17:44:27,0
2024-05-28 17:45:27,0
2024-05-28 17:46:27,0
2024-05-28 17:47:27,0
2024-05-28 17:48:27,0
2024-05-28 17:49:27,0
2024-05-28 17:50:27,0
2024-05-28 17:51:27,0
2024-05-28 17:52:28,0
2024-05-28 17:53:27,0
2024-05-28 17:54:28,0
2024-05-28 17:55:28,0
2024-05-28 17:56:28,0
2024-05-28 17:57:27,0
2024-05-28 17:58:27,0
2024-05-28 17:59:27,0
2024-05-28 18:00:27,0
2024-05-28 18:01:27,0
2024-05-28 18:02:28,0
2024-05-28 18:03:28,0
2024-05-28 18:04:28,0
2024-05-28 18:05:27,0
2024-05-28 18:06:28,0
2024-05-28 18:07:28,0
2024-05-28 18:08:28,0
2024-05-28 18:09:28,0
2024-05-28 18:10:27,0
2024-05-28 18:11:27,0
2024-05-28 18:12:28,0
2024-05-28 18:13:27,0
2024-05-28 18:14:28,0
2024-05-28 18:15:28,608870
2024-05-28 18:16:28,598080
2024-05-28 18:17:28,0
2024-05-28 18:18:28,0
2024-05-28 18:19:28,0
2024-05-28 18:20:28,0
2024-05-28 18:21:28,0
2024-05-28 18:22:28,0
2024-05-28 18:23:28,0
2024-05-28 18:24:28,0
2024-05-28 18:25:28,0
2024-05-28 18:26:28,0
2024-05-28 18:27:28,0
2024-05-28 18:28:28,0
2024-05-28 18:29:28,0
2024-05-28 18:30:28,0
2024-05-28 18:31:29,0
2024-05-28 18:32:29,0
2024-05-28 18:33:29,0
2024-05-28 18:34:40,0
2024-05-28 18:35:29,0
2024-05-28 18:36:29,0
2024-05-28 18:37:29,0
2024-05-28 18:38:29,0
2024-05-28 18:39:29,0
2024-05-28 18:40:29,0
2024-05-28 18:41:29,0
2024-05-28 18:42:29,0
2024-05-28 18:43:28,0
2024-05-28 18:44:29,0
2024-05-28 18:45:29,0
2024-05-28 18:46:29,0
2024-05-28 18:47:29,0
2024-05-28 18:48:29,0
2024-05-28 18:49:29,0
2024-05-28 18:50:29,0
2024-05-28 18:51:29,0
2024-05-28 18:52:29,0
2024-05-28 18:53:29,0
2024-05-28 18:54:29,0
2024-05-28 18:55:29,614680
2024-05-28 18:56:29,609670
2024-05-28 18:57:30,0
2024-05-28 18:58:30,0
2024-05-28 18:59:29,0
2024-05-28 19:00:30,0
2024-05-28 19:01:30,0
2024-05-28 19:02:30,0
2024-05-28 19:03:29,0
2024-05-28 19:04:29,0
2024-05-28 19:05:29,0
2024-05-28 19:06:29,0
2024-05-28 19:07:29,0
2024-05-28 19:08:29,0
2024-05-28 19:09:29,0
2024-05-28 19:10:29,0
2024-05-28 19:11:29,0
2024-05-28 19:12:29,0
2024-05-28 19:13:29,0
2024-05-28 19:14:30,0
2024-05-28 19:15:29,0
2024-05-28 19:16:30,0
2024-05-28 19:17:30,0
2024-05-28 19:18:30,0
2024-05-28 19:19:30,0
2024-05-28 19:20:30,0
2024-05-28 19:21:30,0
2024-05-28 19:22:30,0
2024-05-28 19:23:30,112670
2024-05-28 19:24:30,113680
2024-05-28 19:25:30,113080
2024-05-28 19:26:30,113200
2024-05-28 19:27:30,115110
2024-05-28 19:28:30,116580
2024-05-28 19:29:30,116230
2024-05-28 19:30:30,115460
2024-05-28 19:31:30,115460
2024-05-28 19:32:30,114680
2024-05-28 19:33:30,115920
2024-05-28 19:34:30,117160
2024-05-28 19:35:30,115590
2024-05-28 19:36:30,117040
2024-05-28 19:37:30,115480
2024-05-28 19:38:30,115590
2024-05-28 19:39:35,693230
2024-05-28 19:40:31,671440
2024-05-28 19:41:31,116380
2024-05-28 19:42:31,117160
2024-05-28 19:43:31,118280
2024-05-28 19:44:31,118280
2024-05-28 19:45:31,116810
2024-05-28 19:46:31,116810
2024-05-28 19:47:30,114570
2024-05-28 19:48:31,114570
2024-05-28 19:49:31,114450
2024-05-28 19:50:31,114450
2024-05-28 19:51:31,114910
2024-05-28 19:52:31,115340
2024-05-28 19:53:31,115690
2024-05-28 19:54:31,114570
2024-05-28 19:55:31,0
2024-05-28 19:56:31,0
2024-05-28 19:57:31,0
2024-05-28 19:58:31,0
2024-05-28 19:59:31,0
2024-05-28 20:00:31,0
2024-05-28 20:01:31,0
2024-05-28 20:02:31,0
2024-05-28 20:03:31,0
2024-05-28 20:04:31,0
2024-05-28 20:05:31,0
2024-05-28 20:06:31,0
2024-05-28 20:07:31,0
2024-05-28 20:08:31,0
2024-05-28 20:09:31,0
2024-05-28 20:10:31,0
2024-05-28 20:11:31,0
2024-05-28 20:12:31,0
2024-05-28 20:13:31,0
2024-05-28 20:14:32,0
2024-05-28 20:15:31,0
2024-05-28 20:16:31,0
2024-05-28 20:17:31,0
2024-05-28 20:18:32,0
2024-05-28 20:19:31,0
2024-05-28 20:20:32,0
2024-05-28 20:21:32,0
2024-05-28 20:22:32,0
2024-05-28 20:23:32,0
2024-05-28 20:24:32,0
2024-05-28 20:25:32,0
2024-05-28 20:26:32,0
2024-05-28 20:27:32,0
2024-05-28 20:28:32,0
2024-05-28 20:29:32,0
2024-05-28 20:30:32,0
2024-05-28 20:31:32,0
2024-05-28 20:32:32,0
2024-05-28 20:33:32,0
2024-05-28 20:34:32,0
2024-05-28 20:35:32,609670
2024-05-28 20:36:32,594720
2024-05-28 20:37:32,0
2024-05-28 20:38:32,0
2024-05-28 20:39:32,0
2024-05-28 20:40:32,0
2024-05-28 20:41:32,0
2024-05-28 20:42:32,0
2024-05-28 20:43:32,0
2024-05-28 20:44:32,0
2024-05-28 20:45:32,0
2024-05-28 20:46:32,0
2024-05-28 20:47:32,0
2024-05-28 20:48:32,0
2024-05-28 20:49:32,0
2024-05-28 20:50:32,0
2024-05-28 20:51:43,0
2024-05-28 20:52:33,0
2024-05-28 20:53:32,0
2024-05-28 20:54:33,0
2024-05-28 20:55:32,0
2024-05-28 20:56:33,0
2024-05-28 20:57:33,0
2024-05-28 20:58:33,0
2024-05-28 20:59:33,0
2024-05-28 21:00:32,0
2024-05-28 21:01:33,0
2024-05-28 21:02:33,0
2024-05-28 21:03:33,0
2024-05-28 21:04:33,0
2024-05-28 21:05:33,0
2024-05-28 21:06:33,0
2024-05-28 21:07:33,0
2024-05-28 21:08:33,0
2024-05-28 21:09:33,0
2024-05-28 21:10:33,0
2024-05-28 21:11:33,0
2024-05-28 21:12:33,0
2024-05-28 21:13:33,0
2024-05-28 21:14:33,0
2024-05-28 21:15:33,0
2024-05-28 21:16:33,0
2024-05-28 21:17:34,0
2024-05-28 21:18:34,0
2024-05-28 21:19:34,0
2024-05-28 21:20:33,0
2024-05-28 21:21:33,0
2024-05-28 21:22:33,0
2024-05-28 21:23:33,0
2024-05-28 21:24:33,0
2024-05-28 21:25:33,0
2024-05-28 21:26:33,0
2024-05-28 21:27:34,0
2024-05-28 21:28:33,0
2024-05-28 21:29:34,0
2024-05-28 21:30:33,0
2024-05-28 21:31:34,0
2024-05-28 21:32:34,0
2024-05-28 21:33:34,0
2024-05-28 21:34:34,0
2024-05-28 21:35:34,612400
2024-05-28 21:36:34,602510
2024-05-28 21:37:34,602510
2024-05-28 21:38:34,0
2024-05-28 21:39:34,0
2024-05-28 21:40:35,0
2024-05-28 21:41:34,0
2024-05-28 21:42:34,0
2024-05-28 21:43:34,0
2024-05-28 21:44:34,0
2024-05-28 21:45:34,0
2024-05-28 21:46:34,0
2024-05-28 21:47:34,0
2024-05-28 21:48:34,0
2024-05-28 21:49:34,0
2024-05-28 21:50:34,0
2024-05-28 21:51:34,0
2024-05-28 21:52:34,0
2024-05-28 21:53:34,0
2024-05-28 21:54:34,0
2024-05-28 21:55:34,0
2024-05-28 21:56:34,0
2024-05-28 21:57:34,0
2024-05-28 21:58:34,0
2024-05-28 21:59:34,0
2024-05-28 22:00:35,0
2024-05-28 22:01:35,0
2024-05-28 22:02:35,0
2024-05-28 22:03:36,0
2024-05-28 22:04:35,0
2024-05-28 22:05:35,0
2024-05-28 22:06:35,0
2024-05-28 22:07:34,0
2024-05-28 22:08:35,0
2024-05-28 22:09:35,0
2024-05-28 22:10:35,0
2024-05-28 22:11:35,0
2024-05-28 22:12:35,0
2024-05-28 22:13:35,0
2024-05-28 22:14:35,0
2024-05-28 22:15:35,0
2024-05-28 22:16:35,0
2024-05-28 22:17:35,0
2024-05-28 22:18:35,0
2024-05-28 22:19:35,0
2024-05-28 22:20:46,0
2024-05-28 22:21:36,0
2024-05-28 22:22:35,0
2024-05-28 22:23:36,0
2024-05-28 22:24:36,0
2024-05-28 22:25:36,0
2024-05-28 22:26:35,109590
2024-05-28 22:27:36,109710
2024-05-28 22:28:36,110580
2024-05-28 22:29:36,113040
2024-05-28 22:30:35,113080
2024-05-28 22:31:36,114080
2024-05-28 22:32:36,114080
2024-05-28 22:33:36,662670
2024-05-28 22:34:36,660110
2024-05-28 22:35:35,114340
2024-05-28 22:36:36,115230
2024-05-28 22:37:36,114340
2024-05-28 22:38:36,114220
2024-05-28 22:39:36,115230
2024-05-28 22:40:36,114220
2024-05-28 22:41:35,115800
2024-05-28 22:42:36,115460
2024-05-28 22:43:36,115460
2024-05-28 22:44:36,114910
2024-05-28 22:45:36,113560
2024-05-28 22:46:36,113560
2024-05-28 22:47:36,113450
2024-05-28 22:48:36,114570
2024-05-28 22:49:36,114570
2024-05-28 22:50:36,114340
2024-05-28 22:51:36,113770
2024-05-28 22:52:36,114880
2024-05-28 22:53:36,113000
2024-05-28 22:54:36,113000
2024-05-28 22:55:36,113650
2024-05-28 22:56:36,112770
2024-05-28 22:57:36,112770
2024-05-28 22:58:36,114880
2024-05-28 22:59:36,114420
2024-05-28 23:00:36,0
2024-05-28 23:01:36,0
2024-05-28 23:02:37,0
2024-05-28 23:03:36,0
2024-05-28 23:04:49,0
2024-05-28 23:05:37,0
2024-05-28 23:06:36,0
2024-05-28 23:07:37,0
2024-05-28 23:08:37,0
2024-05-28 23:09:37,0
2024-05-28 23:10:37,0
2024-05-28 23:11:37,0
2024-05-28 23:12:37,0
2024-05-28 23:13:37,0
2024-05-28 23:14:36,0
2024-05-28 23:15:37,0
2024-05-28 23:16:37,0
2024-05-28 23:17:37,0
2024-05-28 23:18:37,0
2024-05-28 23:19:37,0
2024-05-28 23:20:37,0
2024-05-28 23:21:37,0
2024-05-28 23:22:37,0
2024-05-28 23:23:37,596620
2024-05-28 23:24:37,0
2024-05-28 23:25:37,0
2024-05-28 23:26:37,0
2024-05-28 23:27:38,0
2024-05-28 23:28:38,0
2024-05-28 23:29:38,0
2024-05-28 23:30:38,0
2024-05-28 23:31:38,0
2024-05-28 23:32:38,0
2024-05-28 23:33:37,0
2024-05-28 23:34:37,0
2024-05-28 23:35:37,0
2024-05-28 23:36:37,0
2024-05-28 23:37:37,0
2024-05-28 23:38:37,0
2024-05-28 23:39:37,0
2024-05-28 23:40:37,0
2024-05-28 23:41:37,0
2024-05-28 23:42:37,0
2024-05-28 23:43:37,0
2024-05-28 23:44:37,0
2024-05-28 23:45:38,0
2024-05-28 23:46:38,0
2024-05-28 23:47:38,0
2024-05-28 23:48:38,0
2024-05-28 23:49:38,0
2024-05-28 23:50:38,0
2024-05-28 23:51:38,0
2024-05-28 23:52:38,0
2024-05-28 23:53:38,0
2024-05-28 23:54:38,0
2024-05-28 23:55:38,0
2024-05-28 23:56:38,0
2024-05-28 23:57:38,0
2024-05-28 23:58:38,0
2024-05-28 23:59:38,0
2024-05-29 00:00:38,0
2024-05-29 00:01:38,0
2024-05-29 00:02:38,0
2024-05-29 00:03:38,0
2024-05-29 00:04:38,0
2024-05-29 00:05:38,0
2024-05-29 00:06:39,0
2024-05-29 00:07:38,0
2024-05-29 00:08:39,0
2024-05-29 00:09:38,610120
2024-05-29 00:10:39,600820
2024-05-29 00:11:39,0
2024-05-29 00:12:39,0
2024-05-29 00:13:39,0
2024-05-29 00:14:39,0
2024-05-29 00:15:39,0
2024-05-29 00:16:39,0
2024-05-29 00:17:39,0
2024-05-29 00:18:38,0
2024-05-29 00:19:38,0
2024-05-29 00:20:39,0
2024-05-29 00:21:38,0
2024-05-29 00:22:38,0
2024-05-29 00:23:38,0
2024-05-29 00:24:38,0
2024-05-29 00:25:39,0
2024-05-29 00:26:39,0
2024-05-29 00:27:39,0
2024-05-29 00:28:39,0
2024-05-29 00:29:39,0
2024-05-29 00:30:39,0
2024-05-29 00:31:39,0
2024-05-29 00:32:39,0
2024-05-29 00:33:43,0
2024-05-29 00:34:40,0
2024-05-29 00:35:39,0
2024-05-29 00:36:39,0
2024-05-29 00:37:40,0
2024-05-29 00:38:40,0
2024-05-29 00:39:39,0
2024-05-29 00:40:39,0
2024-05-29 00:41:39,0
2024-05-29 00:42:39,0
2024-05-29 00:43:39,0
2024-05-29 00:44:39,0
2024-05-29 00:45:39,0
2024-05-29 00:46:40,0
2024-05-29 00:47:39,0
2024-05-29 00:48:40,0
2024-05-29 00:49:40,607390
2024-05-29 00:50:40,596280
2024-05-29 00:51:39,0
2024-05-29 00:52:39,0
2024-05-29 00:53:39,0
2024-05-29 00:54:39,0
2024-05-29 00:55:46,0
2024-05-29 00:56:40,0
2024-05-29 00:57:40,0
2024-05-29 00:58:40,0
2024-05-29 00:59:40,0
2024-05-29 01:00:40,0
2024-05-29 01:01:40,0
2024-05-29 01:02:40,0
2024-05-29 01:03:40,0
2024-05-29 01:04:40,0
2024-05-29 01:05:40,0
2024-05-29 01:06:40,0
2024-05-29 01:07:40,0
2024-05-29 01:08:40,0
2024-05-29 01:09:40,0
2024-05-29 01:10:40,0
2024-05-29 01:11:40,0
2024-05-29 01:12:40,0
2024-05-29 01:13:40,0
2024-05-29 01:14:40,0
2024-05-29 01:15:40,0
2024-05-29 01:16:40,0
2024-05-29 01:17:41,0
2024-05-29 01:18:41,0
2024-05-29 01:19:41,0
2024-05-29 01:20:41,0
2024-05-29 01:21:41,0
2024-05-29 01:22:41,0
2024-05-29 01:23:41,0
2024-05-29 01:24:41,0
2024-05-29 01:25:41,0
2024-05-29 01:26:40,0
2024-05-29 01:27:40,0
2024-05-29 01:28:41,0
2024-05-29 01:29:40,0
2024-05-29 01:30:41,0
2024-05-29 01:31:40,0
2024-05-29 01:32:40,0
2024-05-29 01:33:41,0
2024-05-29 01:34:41,0
2024-05-29 01:35:41,0
2024-05-29 01:36:41,0
2024-05-29 01:37:41,0
2024-05-29 01:38:41,0
2024-05-29 01:39:41,120150
2024-05-29 01:40:41,111470
2024-05-29 01:41:41,112050
2024-05-29 01:42:41,110920
2024-05-29 01:43:41,112630
2024-05-29 01:44:41,679500
2024-05-29 01:45:41,679210
2024-05-29 01:46:41,679210
2024-05-29 01:47:41,115880
2024-05-29 01:48:41,115880
2024-05-29 01:49:41,114570
2024-05-29 01:50:41,116580
2024-05-29 01:51:41,116230
2024-05-29 01:52:41,116690
2024-05-29 01:53:41,114340
2024-05-29 01:54:41,114680
2024-05-29 01:55:41,115360
2024-05-29 01:56:41,116030
2024-05-29 01:57:41,117160
2024-05-29 01:58:41,117160
2024-05-29 01:59:41,115020
2024-05-29 02:00:47,117270
2024-05-29 02:01:42,116920
2024-05-29 02:02:42,115250
2024-05-29 02:03:42,115250
2024-05-29 02:04:42,114680
2024-05-29 02:05:42,115460
2024-05-29 02:06:42,114790
2024-05-29 02:07:42,114790
2024-05-29 02:08:42,114450
2024-05-29 02:09:42,116460
2024-05-29 02:10:42,114340
2024-05-29 02:11:42,115690
2024-05-29 02:12:42,116110
2024-05-29 02:13:42,116230
2024-05-29 02:14:42,0
2024-05-29 02:15:42,0
2024-05-29 02:16:42,0
2024-05-29 02:17:42,0
2024-05-29 02:18:42,0
2024-05-29 02:19:42,0
2024-05-29 02:20:42,0
2024-05-29 02:21:42,0
2024-05-29 02:22:42,0
2024-05-29 02:23:42,0
2024-05-29 02:24:42,0
2024-05-29 02:25:42,0
2024-05-29 02:26:43,0
2024-05-29 02:27:43,0
2024-05-29 02:28:43,0
2024-05-29 02:29:42,0
2024-05-29 02:30:42,0
2024-05-29 02:31:42,0
2024-05-29 02:32:42,0
2024-05-29 02:33:42,0
2024-05-29 02:34:42,0
2024-05-29 02:35:42,601210
2024-05-29 02:36:42,0
2024-05-29 02:37:43,0
2024-05-29 02:38:43,0
2024-05-29 02:39:43,0
2024-05-29 02:40:43,0
2024-05-29 02:41:43,0
2024-05-29 02:42:42,0
2024-05-29 02:43:43,0
2024-05-29 02:44:43,0
2024-05-29 02:45:43,0
2024-05-29 02:46:43,0
2024-05-29 02:47:43,0
2024-05-29 02:48:43,0
2024-05-29 02:49:43,0
2024-05-29 02:50:43,0
2024-05-29 02:51:43,0
2024-05-29 02:52:43,0
2024-05-29 02:53:43,0
2024-05-29 02:54:43,0
2024-05-29 02:55:43,0
2024-05-29 02:56:43,0
2024-05-29 02:57:43,0
2024-05-29 02:58:43,0
2024-05-29 02:59:43,0
2024-05-29 03:00:43,0
2024-05-29 03:01:43,0
2024-05-29 03:02:43,0
2024-05-29 03:03:43,0
2024-05-29 03:04:43,0
2024-05-29 03:05:43,0
2024-05-29 03:06:44,0
2024-05-29 03:07:43,0
2024-05-29 03:08:44,0
2024-05-29 03:09:43,0
2024-05-29 03:10:44,0
2024-05-29 03:11:43,0
2024-05-29 03:12:44,0
2024-05-29 03:13:43,0
2024-05-29 03:14:43,0
2024-05-29 03:15:43,0
2024-05-29 03:16:43,0
2024-05-29 03:17:43,0
2024-05-29 03:18:44,0
2024-05-29 03:19:43,0
2024-05-29 03:20:44,0
2024-05-29 03:21:44,0
2024-05-29 03:22:44,0
2024-05-29 03:23:44,0
2024-05-29 03:24:43,0
2024-05-29 03:25:44,0
2024-05-29 03:26:43,0
2024-05-29 03:27:44,0
2024-05-29 03:28:44,0
2024-05-29 03:29:44,607930
2024-05-29 03:30:44,607930
2024-05-29 03:31:44,0
2024-05-29 03:32:45,0
2024-05-29 03:33:44,0
2024-05-29 03:34:44,0
2024-05-29 03:35:44,0
2024-05-29 03:36:44,0
2024-05-29 03:37:44,0
2024-05-29 03:38:44,0
2024-05-29 03:39:44,0
2024-05-29 03:40:44,0
2024-05-29 03:41:44,0
2024-05-29 03:42:44,0
2024-05-29 03:43:44,0
2024-05-29 03:44:45,0
2024-05-29 03:45:44,0
2024-05-29 03:46:45,0
2024-05-29 03:47:45,0
2024-05-29 03:48:44,0
2024-05-29 03:49:45,0
2024-05-29 03:50:45,0
2024-05-29 03:51:45,0
2024-05-29 03:52:45,0
2024-05-29 03:53:45,0
2024-05-29 03:54:45,0
2024-05-29 03:55:45,0
2024-05-29 03:56:45,0
2024-05-29 03:57:45,0
2024-05-29 03:58:45,0
2024-05-29 03:59:45,0
2024-05-29 04:00:45,0
2024-05-29 04:01:45,0
2024-05-29 04:02:45,0
2024-05-29 04:03:45,0
2024-05-29 04:04:45,0
2024-05-29 04:05:45,0
2024-05-29 04:06:45,0
2024-05-29 04:07:45,0
2024-05-29 04:08:45,0
2024-05-29 04:09:45,0
2024-05-29 04:10:45,0
2024-05-29 04:11:45,0
2024-05-29 04:12:46,0
2024-05-29 04:13:46,0
2024-05-29 04:14:46,0
2024-05-29 04:15:46,0
2024-05-29 04:16:46,0
2024-05-29 04:17:46,0
2024-05-29 04:18:46,0
2024-05-29 04:19:46,0
2024-05-29 04:20:46,0
2024-05-29 04:21:46,0
2024-05-29 04:22:46,0
2024-05-29 04:23:46,0
2024-05-29 04:24:46,0
2024-05-29 04:25:46,0
2024-05-29 04:26:46,0
2024-05-29 04:27:46,0
2024-05-29 04:28:46,599530
2024-05-29 04:29:46,613980
2024-05-29 04:30:46,613980
2024-05-29 04:31:46,0
2024-05-29 04:32:46,0
2024-05-29 04:33:46,0
2024-05-29 04:34:46,0
2024-05-29 04:35:46,0
2024-05-29 04:36:46,0
2024-05-29 04:37:46,0
2024-05-29 04:38:47,0
2024-05-29 04:39:46,0
2024-05-29 04:40:47,0
2024-05-29 04:41:46,0
2024-05-29 04:42:47,0
2024-05-29 04:43:46,0
2024-05-29 04:44:46,0
2024-05-29 04:45:46,0
2024-05-29 04:46:46,0
2024-05-29 04:47:46,0
2024-05-29 04:48:46,0
2024-05-29 04:49:46,0
2024-05-29 04:50:46,0
2024-05-29 04:51:46,0
2024-05-29 04:52:46,0
2024-05-29 04:53:46,112050
2024-05-29 04:54:46,110970
2024-05-29 04:55:46,110970
2024-05-29 04:56:47,113200
2024-05-29 04:57:47,115530
2024-05-29 04:58:47,114650
2024-05-29 04:59:47,115760
2024-05-29 05:00:47,116110
2024-05-29 05:01:47,114570
2024-05-29 05:02:47,114570
2024-05-29 05:03:47,114680
2024-05-29 05:04:47,114220
2024-05-29 05:05:47,114220
2024-05-29 05:06:47,114220
2024-05-29 05:07:47,116690
2024-05-29 05:08:47,116920
2024-05-29 05:09:47,115800
2024-05-29 05:10:47,114910
2024-05-29 05:11:47,114240
2024-05-29 05:12:47,115250
2024-05-29 05:13:47,116920
2024-05-29 05:14:47,114790
2024-05-29 05:15:47,114790
2024-05-29 05:16:53,115920
2024-05-29 05:17:48,115920
2024-05-29 05:18:47,114220
2024-05-29 05:19:47,114340
2024-05-29 05:20:47,115340
2024-05-29 05:21:48,115340
2024-05-29 05:22:47,116460
2024-05-29 05:23:47,116460
2024-05-29 05:24:47,116460
2024-05-29 05:25:47,672000
2024-05-29 05:26:47,116110
2024-05-29 05:27:47,0
2024-05-29 05:28:47,0
2024-05-29 05:29:47,0
2024-05-29 05:30:47,0
2024-05-29 05:31:47,0
2024-05-29 05:32:48,0
2024-05-29 05:33:47,0
2024-05-29 05:34:48,0
2024-05-29 05:35:48,0
2024-05-29 05:36:48,0
2024-05-29 05:37:48,0
2024-05-29 05:38:48,0
2024-05-29 05:39:48,0
2024-05-29 05:40:48,0
2024-05-29 05:41:48,0
2024-05-29 05:42:48,0
2024-05-29 05:43:48,0
2024-05-29 05:44:48,0
2024-05-29 05:45:48,0
2024-05-29 05:46:48,0
2024-05-29 05:47:48,0
2024-05-29 05:48:48,0
2024-05-29 05:49:48,0
2024-05-29 05:50:48,0
2024-05-29 05:51:48,0
2024-05-29 05:52:48,0
2024-05-29 05:53:48,0
2024-05-29 05:54:48,0
2024-05-29 05:55:48,0
2024-05-29 05:56:48,0
2024-05-29 05:57:48,0
2024-05-29 05:58:48,0
2024-05-29 06:00:04,0
2024-05-29 06:00:49,0
2024-05-29 06:01:49,0
2024-05-29 06:02:49,0
2024-05-29 06:03:49,0
2024-05-29 06:04:49,0
2024-05-29 06:05:49,0
2024-05-29 06:06:49,0
2024-05-29 06:07:49,0
2024-05-29 06:08:48,0
2024-05-29 06:09:49,0
2024-05-29 06:10:48,0
2024-05-29 06:11:48,0
2024-05-29 06:12:48,0
2024-05-29 06:13:48,0
2024-05-29 06:14:48,0
2024-05-29 06:15:49,609440
2024-05-29 06:16:49,609440
2024-05-29 06:17:49,0
2024-05-29 06:18:49,0
2024-05-29 06:19:49,0
2024-05-29 06:20:49,0
2024-05-29 06:21:49,0
2024-05-29 06:22:49,0
2024-05-29 06:23:49,0
2024-05-29 06:24:49,0
2024-05-29 06:25:52,0
2024-05-29 06:26:49,0
2024-05-29 06:27:50,0
2024-05-29 06:28:50,0
2024-05-29 06:29:49,0
2024-05-29 06:30:50,0
2024-05-29 06:31:49,0
2024-05-29 06:32:49,0
2024-05-29 06:33:49,0
2024-05-29 06:34:49,0
2024-05-29 06:35:49,0
2024-05-29 06:36:49,0
2024-05-29 06:37:49,0
2024-05-29 06:38:49,0
2024-05-29 06:39:50,0
2024-05-29 06:40:49,0
2024-05-29 06:41:50,0
2024-05-29 06:42:49,0
2024-05-29 06:43:50,0
2024-05-29 06:44:50,0
2024-05-29 06:45:50,0
2024-05-29 06:46:50,0
2024-05-29 06:47:51,0
2024-05-29 06:48:50,0
2024-05-29 06:49:50,0
2024-05-29 06:50:50,0
2024-05-29 06:51:50,0
2024-05-29 06:52:50,0
2024-05-29 06:53:50,0
2024-05-29 06:54:50,0
2024-05-29 06:55:50,0
2024-05-29 06:56:50,0
2024-05-29 06:57:50,0
2024-05-29 06:58:50,0
2024-05-29 06:59:50,0
2024-05-29 07:00:50,0
2024-05-29 07:01:50,0
2024-05-29 07:02:50,0
2024-05-29 07:03:50,0
2024-05-29 07:04:55,0
2024-05-29 07:05:50,0
2024-05-29 07:06:50,0
2024-05-29 07:07:51,607160
2024-05-29 07:08:50,607160
2024-05-29 07:09:51,0
2024-05-29 07:10:50,0
2024-05-29 07:11:50,0
2024-05-29 07:12:50,0
2024-05-29 07:13:50,0
2024-05-29 07:14:50,0
2024-05-29 07:15:50,0
2024-05-29 07:16:50,0
2024-05-29 07:17:51,0
2024-05-29 07:18:51,0
2024-05-29 07:19:51,0
2024-05-29 07:20:51,0
2024-05-29 07:21:50,0
2024-05-29 07:22:50,0
2024-05-29 07:23:50,0
2024-05-29 07:24:50,0
2024-05-29 07:25:51,0
2024-05-29 07:26:51,0
2024-05-29 07:27:51,0
2024-05-29 07:28:51,0
2024-05-29 07:29:51,0
2024-05-29 07:30:51,0
2024-05-29 07:31:51,0
2024-05-29 07:32:51,0
2024-05-29 07:33:51,0
2024-05-29 07:34:51,0
2024-05-29 07:35:52,0
2024-05-29 07:36:51,0
2024-05-29 07:37:51,0
2024-05-29 07:38:51,0
2024-05-29 07:39:51,0
2024-05-29 07:40:51,0
2024-05-29 07:41:51,0
2024-05-29 07:42:51,0
2024-05-29 07:43:51,0
2024-05-29 07:44:51,0
2024-05-29 07:45:52,0
2024-05-29 07:46:52,0
2024-05-29 07:48:05,0
2024-05-29 07:48:52,0
2024-05-29 07:49:52,591850
2024-05-29 07:50:52,593260
2024-05-29 07:51:52,0
2024-05-29 07:52:52,0
2024-05-29 07:53:52,0
2024-05-29 07:54:52,0
2024-05-29 07:55:52,0
2024-05-29 07:56:52,0
2024-05-29 07:57:52,0
2024-05-29 07:58:51,0
2024-05-29 07:59:52,0
2024-05-29 08:00:52,0
2024-05-29 08:01:52,0
2024-05-29 08:02:52,0
2024-05-29 08:03:52,0
2024-05-29 08:04:52,0
2024-05-29 08:05:53,0
2024-05-29 08:06:52,0
2024-05-29 08:07:52,110970
2024-05-29 08:08:52,111590
2024-05-29 08:09:53,109610
2024-05-29 08:10:53,109610
2024-05-29 08:11:53,114080
2024-05-29 08:12:52,114080
2024-05-29 08:13:53,114080
2024-05-29 08:14:53,115760
2024-05-29 08:15:53,113880
2024-05-29 08:16:53,116230
2024-05-29 08:17:53,115460
2024-05-29 08:18:53,114000
2024-05-29 08:19:52,116690
2024-05-29 08:20:53,116110
2024-05-29 08:21:53,116340
2024-05-29 08:22:53,114450
2024-05-29 08:23:53,115340
2024-05-29 08:24:53,116690
2024-05-29 08:25:53,116030
2024-05-29 08:26:53,113790
2024-05-29 08:27:53,114450
2024-05-29 08:28:53,114450
2024-05-29 08:29:53,114450
2024-05-29 08:30:53,114450
2024-05-29 08:31:53,115340
2024-05-29 08:32:53,115230
2024-05-29 08:33:53,116340
2024-05-29 08:34:53,113000
2024-05-29 08:35:53,114340
2024-05-29 08:36:53,115110
2024-05-29 08:37:53,115110
2024-05-29 08:38:53,116000
2024-05-29 08:39:53,113330
2024-05-29 08:40:53,112770
2024-05-29 08:41:54,0
2024-05-29 08:42:53,0
2024-05-29 08:43:53,0
2024-05-29 08:44:53,592180
2024-05-29 08:45:53,596170
2024-05-29 08:46:53,601160
2024-05-29 08:47:53,601160
2024-05-29 08:48:53,0
2024-05-29 08:49:53,0
2024-05-29 08:50:54,0
2024-05-29 08:51:54,0
2024-05-29 08:52:59,0
2024-05-29 08:53:54,0
2024-05-29 08:54:54,0
2024-05-29 08:55:54,0
2024-05-29 08:56:54,0
2024-05-29 08:57:54,0
2024-05-29 08:58:54,0
2024-05-29 08:59:54,0
2024-05-29 09:00:54,0
2024-05-29 09:01:54,0
2024-05-29 09:02:54,0
2024-05-29 09:03:54,0
2024-05-29 09:04:54,0
2024-05-29 09:05:54,0
2024-05-29 09:06:54,0
2024-05-29 09:07:54,0
2024-05-29 09:08:54,0
2024-05-29 09:09:54,0
2024-05-29 09:10:54,0
2024-05-29 09:11:54,0
2024-05-29 09:12:54,0
2024-05-29 09:13:54,0
2024-05-29 09:14:54,0
2024-05-29 09:15:54,0
2024-05-29 09:16:54,0
2024-05-29 09:17:55,0
2024-05-29 09:18:55,0
2024-05-29 09:19:54,0
2024-05-29 09:20:55,0
2024-05-29 09:21:54,0
2024-05-29 09:22:54,0
2024-05-29 09:23:54,0
2024-05-29 09:24:54,0
2024-05-29 09:25:54,0
2024-05-29 09:26:54,0
2024-05-29 09:27:54,0
2024-05-29 09:28:54,0
2024-05-29 09:29:54,0
2024-05-29 09:30:54,0
2024-05-29 09:31:55,0
2024-05-29 09:32:55,0
2024-05-29 09:33:55,0
2024-05-29 09:34:55,0
2024-05-29 09:36:08,0
2024-05-29 09:36:55,0
2024-05-29 09:37:55,0
2024-05-29 09:38:55,0
2024-05-29 09:39:55,0
2024-05-29 09:40:55,0
2024-05-29 09:41:55,0
2024-05-29 09:42:55,604770
2024-05-29 09:43:55,0
2024-05-29 09:44:55,0
2024-05-29 09:45:55,0
2024-05-29 09:46:55,0
2024-05-29 09:47:55,0
2024-05-29 09:48:55,0
2024-05-29 09:49:55,0
2024-05-29 09:50:55,0
2024-05-29 09:51:55,0
2024-05-29 09:52:55,0
2024-05-29 09:53:55,0
2024-05-29 09:54:55,0
2024-05-29 09:55:55,0
2024-05-29 09:56:55,0
2024-05-29 09:57:56,0
2024-05-29 09:58:56,0
2024-05-29 09:59:56,0
2024-05-29 10:00:56,0
2024-05-29 10:01:56,0
2024-05-29 10:02:56,0
2024-05-29 10:03:56,0
2024-05-29 10:04:56,0
2024-05-29 10:05:56,0
2024-05-29 10:06:56,0
2024-05-29 10:07:55,0
2024-05-29 10:08:56,0
2024-05-29 10:09:56,0
2024-05-29 10:10:56,111470
2024-05-29 10:11:56,111370
2024-05-29 10:12:56,115300
2024-05-29 10:13:56,114770
2024-05-29 10:14:56,114770
2024-05-29 10:15:56,114110
2024-05-29 10:16:56,117160
2024-05-29 10:17:56,117160
2024-05-29 10:18:56,117160
2024-05-29 10:19:56,117160
2024-05-29 10:20:57,117160
2024-05-29 10:21:56,114350
2024-05-29 10:22:56,114350
2024-05-29 10:23:56,115250
2024-05-29 10:24:56,115250
2024-05-29 10:25:56,115250
2024-05-29 10:26:56,117850
2024-05-29 10:27:56,116490
2024-05-29 10:28:56,115360
2024-05-29 10:29:56,117970
2024-05-29 10:30:56,115480
2024-05-29 10:31:56,114580
2024-05-29 10:32:56,117620
2024-05-29 10:33:57,684680
2024-05-29 10:34:56,684680
2024-05-29 10:35:57,117850
2024-05-29 10:36:56,114800
2024-05-29 10:37:56,115820
2024-05-29 10:38:56,117160
2024-05-29 10:39:56,115250
2024-05-29 10:41:04,114790
2024-05-29 10:41:57,113790
2024-05-29 10:42:58,113790
2024-05-29 10:43:57,114680
2024-05-29 10:44:57,113450
2024-05-29 10:45:57,113670
2024-05-29 10:46:57,113670
2024-05-29 10:47:57,113670
2024-05-29 10:48:57,113220
2024-05-29 10:49:57,115230
2024-05-29 10:50:57,115230
2024-05-29 10:51:57,114340
2024-05-29 10:52:57,115570
2024-05-29 10:53:57,0
2024-05-29 10:54:57,0
2024-05-29 10:55:57,0
2024-05-29 10:57:07,0
2024-05-29 10:57:58,0
2024-05-29 10:58:57,0
2024-05-29 10:59:57,0
2024-05-29 11:00:57,0
2024-05-29 11:01:57,0
2024-05-29 11:02:57,0
2024-05-29 11:03:57,0
2024-05-29 11:05:03,0
2024-05-29 11:05:58,0
2024-05-29 11:06:57,0
2024-05-29 11:07:58,0
2024-05-29 11:08:57,0
2024-05-29 11:09:58,0
2024-05-29 11:10:58,0
2024-05-29 11:11:58,0
2024-05-29 11:12:58,0
2024-05-29 11:13:57,0
2024-05-29 11:14:58,0
2024-05-29 11:15:58,605340
2024-05-29 11:16:58,0
2024-05-29 11:17:57,0
2024-05-29 11:18:58,0
2024-05-29 11:19:58,0
2024-05-29 11:20:58,0
2024-05-29 11:21:58,0
2024-05-29 11:22:58,0
2024-05-29 11:23:58,0
2024-05-29 11:24:58,0
2024-05-29 11:25:58,0
2024-05-29 11:27:00,0
2024-05-29 11:27:59,0
2024-05-29 11:28:58,0
2024-05-29 11:29:58,0
2024-05-29 11:30:58,0
2024-05-29 11:31:59,0
2024-05-29 11:32:58,0
2024-05-29 11:33:58,0
2024-05-29 11:34:58,0
2024-05-29 11:35:58,0
2024-05-29 11:36:58,0
2024-05-29 11:37:58,0
2024-05-29 11:38:58,0
2024-05-29 11:39:58,0
2024-05-29 11:40:58,0
2024-05-29 11:41:58,0
2024-05-29 11:42:58,0
2024-05-29 11:43:59,0
2024-05-29 11:44:58,0
2024-05-29 11:45:59,0
2024-05-29 11:46:59,0
2024-05-29 11:47:59,0
2024-05-29 11:49:01,0
2024-05-29 11:49:59,0
2024-05-29 11:50:59,0
2024-05-29 11:51:59,0
2024-05-29 11:52:59,0
2024-05-29 11:53:59,0
2024-05-29 11:54:59,0
2024-05-29 11:55:59,0
2024-05-29 11:56:59,0
2024-05-29 11:57:59,0
2024-05-29 11:58:59,0
2024-05-29 11:59:59,0
2024-05-29 12:00:59,0
2024-05-29 12:01:59,0
2024-05-29 12:02:59,0
2024-05-29 12:03:59,0
2024-05-29 12:04:59,0
2024-05-29 12:05:59,605450
2024-05-29 12:06:59,601270
2024-05-29 12:07:59,600030
2024-05-29 12:08:59,596170
2024-05-29 12:09:59,606360
2024-05-29 12:10:59,0
2024-05-29 12:11:59,0
2024-05-29 12:13:00,0
2024-05-29 12:13:59,0
2024-05-29 12:14:59,0
2024-05-29 12:15:59,0
2024-05-29 12:17:00,0
2024-05-29 12:18:00,0
2024-05-29 12:19:00,0
2024-05-29 12:20:00,0
2024-05-29 12:21:00,0
2024-05-29 12:22:00,0
2024-05-29 12:23:00,0
2024-05-29 12:24:00,0
2024-05-29 12:25:00,0
2024-05-29 12:26:00,0
2024-05-29 12:27:00,110970
2024-05-29 12:28:00,111070
2024-05-29 12:29:00,112200
2024-05-29 12:30:00,116580
2024-05-29 12:31:00,0
2024-05-29 12:32:00,0
2024-05-29 12:33:00,0
2024-05-29 12:34:00,0
2024-05-29 12:35:00,0
2024-05-29 12:36:00,0
2024-05-29 12:37:00,0
2024-05-29 12:38:00,0
2024-05-29 12:39:00,0
2024-05-29 12:40:00,0
2024-05-29 12:41:00,0
2024-05-29 12:42:00,0
2024-05-29 12:43:00,0
2024-05-29 12:44:01,0
2024-05-29 12:45:05,0
2024-05-29 12:46:01,0
2024-05-29 12:47:00,0
2024-05-29 12:48:01,0
2024-05-29 12:49:01,0
2024-05-29 12:50:01,0
2024-05-29 12:51:01,0
2024-05-29 12:52:00,0
2024-05-29 12:53:01,0
2024-05-29 12:54:01,0
2024-05-29 12:55:01,0
2024-05-29 12:56:00,0
2024-05-29 12:57:01,0
2024-05-29 12:58:00,0
2024-05-29 12:59:01,0
2024-05-29 13:00:04,0
2024-05-29 13:01:01,0
2024-05-29 13:02:01,0
2024-05-29 13:03:01,0
2024-05-29 13:04:01,0
2024-05-29 13:05:01,0
2024-05-29 13:06:01,0
2024-05-29 13:07:01,0
2024-05-29 13:08:01,0
2024-05-29 13:11:50,0
2024-05-29 13:12:08,0
2024-05-29 13:13:08,0
2024-05-29 13:14:08,5104
2024-05-29 13:15:10,13680
2024-05-29 13:16:08,5814
2024-05-29 13:17:08,5814
2024-05-29 13:18:19,5814
2024-05-29 13:19:08,5814
2024-05-29 13:20:09,0
2024-05-29 13:21:08,0
2024-05-29 13:22:09,0
2024-05-29 13:23:09,0
2024-05-29 13:24:09,0
2024-05-29 13:25:09,0
2024-05-29 13:26:08,0
2024-05-29 13:27:08,8700
2024-05-29 13:28:09,5130
2024-05-29 13:29:08,5130
2024-05-29 13:30:10,0
2024-05-29 13:31:09,0
2024-05-29 13:32:09,0
2024-05-29 13:33:08,0
2024-05-29 13:34:09,0
2024-05-29 13:35:09,0
2024-05-29 13:36:09,0
2024-05-29 13:37:09,0
2024-05-29 13:38:09,0
2024-05-29 13:39:09,0
2024-05-29 13:40:09,0
2024-05-29 13:41:09,0
2024-05-29 13:42:09,0
2024-05-29 13:43:09,0
2024-05-29 13:44:09,0
2024-05-29 13:45:09,0
2024-05-29 13:46:09,0
2024-05-29 13:47:09,0
2024-05-29 13:48:09,0
2024-05-29 13:49:09,0
2024-05-29 13:50:09,0
2024-05-29 13:51:09,0
2024-05-29 13:52:09,0
2024-05-29 13:53:09,0
2024-05-29 13:54:09,0
2024-05-29 13:55:10,0
2024-05-29 13:56:09,0
2024-05-29 13:57:09,0
2024-05-29 13:58:09,0
2024-05-29 13:59:09,0
2024-05-29 14:00:09,0
2024-05-29 14:01:21,0
2024-05-29 14:02:10,0
2024-05-29 14:03:10,0
2024-05-29 14:04:10,0
2024-05-29 14:05:10,0
2024-05-29 14:06:10,0
2024-05-29 14:07:10,0
2024-05-29 14:08:10,0
2024-05-29 14:09:09,0
2024-05-29 14:10:10,0
2024-05-29 14:11:10,0
2024-05-29 14:12:10,0
2024-05-29 14:13:10,0
2024-05-29 14:14:10,0
2024-05-29 14:15:10,0
2024-05-29 14:16:10,0
2024-05-29 14:17:10,0
2024-05-29 14:18:10,0
2024-05-29 14:19:10,0
2024-05-29 14:20:10,0
2024-05-29 14:21:10,0
2024-05-29 14:22:10,0
2024-05-29 14:23:10,0
2024-05-29 14:24:10,0
2024-05-29 14:25:10,0
2024-05-29 14:26:10,0
2024-05-29 14:27:10,0
2024-05-29 14:28:10,0
2024-05-29 14:29:11,0
2024-05-29 14:30:10,0
2024-05-29 14:31:10,0
2024-05-29 14:32:11,0
2024-05-29 14:33:10,0
2024-05-29 14:34:10,0
2024-05-29 14:35:11,0
2024-05-29 14:36:10,0
2024-05-29 14:37:10,0
2024-05-29 14:38:10,0
2024-05-29 14:39:10,0
2024-05-29 14:40:10,0
2024-05-29 14:41:11,0
2024-05-29 14:42:10,0
2024-05-29 14:43:10,0
2024-05-29 14:44:10,0
2024-05-29 14:45:11,0
2024-05-29 14:46:11,0
2024-05-29 14:47:11,0
2024-05-29 14:48:11,0
2024-05-29 14:49:11,0
2024-05-29 14:50:11,0
2024-05-29 14:51:11,0
2024-05-29 14:52:11,0
2024-05-29 14:53:11,0
2024-05-29 14:54:11,0
2024-05-29 14:55:11,0
2024-05-29 14:56:11,0
2024-05-29 14:57:11,0
2024-05-29 14:58:11,0
2024-05-29 14:59:11,0
2024-05-29 15:00:11,0
2024-05-29 15:01:11,0
2024-05-29 15:02:11,0
2024-05-29 15:03:11,0
2024-05-29 15:04:11,0
2024-05-29 15:05:11,0
2024-05-29 15:06:12,0
2024-05-29 15:07:12,0
2024-05-29 15:08:12,0
2024-05-29 15:09:11,0
2024-05-29 15:10:12,0
2024-05-29 15:11:12,0
2024-05-29 15:12:12,0
2024-05-29 15:13:11,0
2024-05-29 15:14:11,0
2024-05-29 15:15:12,0
2024-05-29 15:16:12,0
2024-05-29 15:17:12,0
2024-05-29 15:18:12,0
2024-05-29 15:19:12,0
2024-05-29 15:20:12,0
2024-05-29 15:21:12,0
2024-05-29 15:22:12,0
2024-05-29 15:23:12,0
2024-05-29 15:24:12,0
2024-05-29 15:25:12,0
2024-05-29 15:26:12,0
2024-05-29 15:27:12,0
2024-05-29 15:28:12,0
2024-05-29 15:29:12,0
2024-05-29 15:30:12,0
2024-05-29 15:31:12,0
2024-05-29 15:32:12,0
2024-05-29 15:33:12,0
2024-05-29 15:34:12,0
2024-05-29 15:35:15,0
2024-05-29 15:36:12,0
2024-05-29 15:37:13,0
2024-05-29 15:38:12,0
2024-05-29 15:39:12,0
2024-05-29 15:40:12,0
2024-05-29 15:41:13,0
2024-05-29 15:42:12,0
2024-05-29 15:43:12,0
2024-05-29 15:44:13,0
2024-05-29 15:45:13,0
2024-05-29 15:46:13,0
2024-05-29 15:47:13,0
2024-05-29 15:48:13,0
2024-05-29 15:49:13,0
2024-05-29 15:50:13,0
2024-05-29 15:51:13,0
2024-05-29 15:52:13,0
2024-05-29 15:53:13,0
2024-05-29 15:54:13,0
2024-05-29 15:55:13,0
2024-05-29 15:56:13,0
2024-05-29 15:57:13,0
2024-05-29 15:58:13,0
2024-05-29 15:59:13,0
2024-05-29 16:00:13,0
2024-05-29 16:01:13,0
2024-05-29 16:02:13,0
2024-05-29 16:03:13,0
2024-05-29 16:04:13,0
2024-05-29 16:05:13,0
2024-05-29 16:06:13,0
2024-05-29 16:07:13,0
2024-05-29 16:08:13,0
2024-05-29 16:09:13,0
2024-05-29 16:10:13,0
2024-05-29 16:11:13,0
2024-05-29 16:12:13,0
2024-05-29 16:13:13,0
2024-05-29 16:14:13,0
2024-05-29 16:15:13,0
2024-05-29 16:16:14,0
2024-05-29 16:17:14,0
2024-05-29 16:18:14,0
2024-05-29 16:19:14,0
2024-05-29 16:20:14,0
2024-05-29 16:21:14,0
2024-05-29 16:22:14,0
2024-05-29 16:23:14,0
2024-05-29 16:24:14,0
2024-05-29 16:25:14,0
2024-05-29 16:26:14,0
2024-05-29 16:27:14,0
2024-05-29 16:28:14,0
2024-05-29 16:29:14,0
2024-05-29 16:30:14,0
2024-05-29 16:31:14,0
2024-05-29 16:32:14,0
2024-05-29 16:33:14,0
2024-05-29 16:34:14,0
2024-05-29 16:35:14,0
2024-05-29 16:36:14,0
2024-05-29 16:37:14,0
2024-05-29 16:38:14,0
2024-05-29 16:39:14,0
2024-05-29 16:40:14,0
2024-05-29 16:41:14,0
2024-05-29 16:42:14,0
2024-05-29 16:43:15,0
2024-05-29 16:44:14,0
2024-05-29 16:45:15,0
2024-05-29 16:46:15,0
2024-05-29 16:47:15,0
2024-05-29 16:48:15,0
2024-05-29 16:49:15,0
2024-05-29 16:50:14,0
2024-05-29 16:51:15,0
2024-05-29 16:52:14,0
2024-05-29 16:53:15,0
2024-05-29 16:54:14,0
2024-05-29 16:55:15,0
2024-05-29 16:56:15,0
2024-05-29 16:57:15,0
2024-05-29 16:58:15,0
2024-05-29 16:59:15,0
2024-05-29 17:00:15,0
2024-05-29 17:01:15,0
2024-05-29 17:02:15,0
2024-05-29 17:03:15,0
2024-05-29 17:04:16,0
2024-05-29 17:05:15,0
2024-05-29 17:06:15,0
2024-05-29 17:07:15,0
2024-05-29 17:08:16,0
2024-05-29 17:09:15,0
2024-05-29 17:10:16,0
2024-05-29 17:11:15,0
2024-05-29 17:12:15,0
2024-05-29 17:13:15,0
2024-05-29 17:14:15,0
2024-05-29 17:15:15,0
2024-05-29 17:16:15,0
2024-05-29 17:17:16,0
2024-05-29 17:18:15,0
2024-05-29 17:19:15,0
2024-05-29 17:20:16,0
2024-05-29 17:21:16,0
2024-05-29 17:22:15,0
2024-05-29 17:23:16,0
2024-05-29 17:24:15,0
2024-05-29 17:25:16,0
2024-05-29 17:26:16,0
2024-05-29 17:27:16,0
2024-05-29 17:28:16,0
2024-05-29 17:29:16,0
2024-05-29 17:30:16,0
2024-05-29 17:31:16,0
2024-05-29 17:32:16,0
2024-05-29 17:33:16,0
2024-05-29 17:34:16,0
2024-05-29 17:35:16,0
2024-05-29 17:36:16,0
2024-05-29 17:37:16,0
2024-05-29 17:38:16,0
2024-05-29 17:39:16,0
2024-05-29 17:40:16,0
2024-05-29 17:41:16,0
2024-05-29 17:42:16,0
2024-05-29 17:43:16,0
2024-05-29 17:44:16,0
2024-05-29 17:45:16,0
2024-05-29 17:46:16,0
2024-05-29 17:47:16,0
2024-05-29 17:48:17,0
2024-05-29 17:49:16,0
2024-05-29 17:50:17,0
2024-05-29 17:51:16,0
2024-05-29 17:52:17,0
2024-05-29 17:53:16,0
2024-05-29 17:54:16,0
2024-05-29 17:55:16,0
2024-05-29 17:56:16,0
2024-05-29 17:57:16,0
2024-05-29 17:58:16,0
2024-05-29 17:59:16,0
2024-05-29 18:00:17,0
2024-05-29 18:01:16,0
2024-05-29 18:02:16,0
2024-05-29 18:03:16,0
2024-05-29 18:04:16,0
2024-05-29 18:05:17,0
2024-05-29 18:06:17,0
2024-05-29 18:07:16,0
2024-05-29 18:08:26,0
2024-05-29 18:09:17,0
2024-05-29 18:10:17,0
2024-05-29 18:11:17,0
2024-05-29 18:12:17,0
2024-05-29 18:13:17,0
2024-05-29 18:14:17,0
2024-05-29 18:15:17,0
2024-05-29 18:16:17,0
2024-05-29 18:17:17,0
2024-05-29 18:18:17,0
2024-05-29 18:19:17,0
2024-05-29 18:20:17,0
2024-05-29 18:21:17,0
2024-05-29 18:22:17,0
2024-05-29 18:23:17,0
2024-05-29 18:24:17,0
2024-05-29 18:25:17,0
2024-05-29 18:26:17,0
2024-05-29 18:27:17,0
2024-05-29 18:28:17,0
2024-05-29 18:29:17,0
2024-05-29 18:30:18,0
2024-05-29 18:31:18,0
2024-05-29 18:32:18,0
2024-05-29 18:33:18,0
2024-05-29 18:34:18,0
2024-05-29 18:35:18,0
2024-05-29 18:36:18,0
2024-05-29 18:37:18,0
2024-05-29 18:38:18,0
2024-05-29 18:39:19,0
2024-05-29 18:40:18,0
2024-05-29 18:41:18,0
2024-05-29 18:42:18,0
2024-05-29 18:43:18,0
2024-05-29 18:44:18,0
2024-05-29 18:45:18,0
2024-05-29 18:46:18,0
2024-05-29 18:47:18,0
2024-05-29 18:48:18,0
2024-05-29 18:49:18,0
2024-05-29 18:50:18,0
2024-05-29 18:51:19,0
2024-05-29 18:52:18,0
2024-05-29 18:53:18,0
2024-05-29 18:54:18,0
2024-05-29 18:55:19,0
2024-05-29 18:56:18,0
2024-05-29 18:57:18,0
2024-05-29 18:58:18,0
2024-05-29 18:59:18,0
2024-05-29 19:00:18,0
2024-05-29 19:01:18,0
2024-05-29 19:02:18,0
2024-05-29 19:03:18,0
2024-05-29 19:04:18,0
2024-05-29 19:05:18,0
2024-05-29 19:06:18,0
2024-05-29 19:07:18,0
2024-05-29 19:08:19,0
2024-05-29 19:09:18,0
2024-05-29 19:10:18,0
2024-05-29 19:11:19,0
2024-05-29 19:12:18,0
2024-05-29 19:13:19,0
2024-05-29 19:14:19,0
2024-05-29 19:15:19,0
2024-05-29 19:16:19,0
2024-05-29 19:17:19,0
2024-05-29 19:18:19,0
2024-05-29 19:19:19,0
2024-05-29 19:20:19,0
2024-05-29 19:21:19,0
2024-05-29 19:22:19,0
2024-05-29 19:23:19,0
2024-05-29 19:24:19,0
2024-05-29 19:25:19,0
2024-05-29 19:26:19,0
2024-05-29 19:27:19,0
2024-05-29 19:28:19,0
2024-05-29 19:29:19,0
2024-05-29 19:30:19,0
2024-05-29 19:31:19,0
2024-05-29 19:32:19,0
2024-05-29 19:33:19,0
2024-05-29 19:34:19,0
2024-05-29 19:35:20,0
2024-05-29 19:36:19,0
2024-05-29 19:37:20,0
2024-05-29 19:38:19,0
2024-05-29 19:39:20,0
2024-05-29 19:40:19,0
2024-05-29 19:41:20,0
2024-05-29 19:42:19,0
2024-05-29 19:43:19,0
2024-05-29 19:44:19,0
2024-05-29 19:45:19,0
2024-05-29 19:46:20,0
2024-05-29 19:47:20,0
2024-05-29 19:48:20,0
2024-05-29 19:49:20,0
2024-05-29 19:50:20,0
2024-05-29 19:51:20,0
2024-05-29 19:52:20,0
2024-05-29 19:53:20,0
2024-05-29 19:54:20,0
2024-05-29 19:55:20,0
2024-05-29 19:56:33,0
2024-05-29 19:57:20,0
2024-05-29 19:58:20,0
2024-05-29 19:59:20,0
2024-05-29 20:00:20,0
2024-05-29 20:01:20,0
2024-05-29 20:02:20,0
2024-05-29 20:03:20,0
2024-05-29 20:04:20,0
2024-05-29 20:05:20,0
2024-05-29 20:06:20,0
2024-05-29 20:07:20,0
2024-05-29 20:08:20,0
2024-05-29 20:09:20,0
2024-05-29 20:10:20,0
2024-05-29 20:11:20,0
2024-05-29 20:12:20,0
2024-05-29 20:13:20,0
2024-05-29 20:14:20,0
2024-05-29 20:15:21,0
2024-05-29 20:16:20,0
2024-05-29 20:17:21,0
2024-05-29 20:18:20,0
2024-05-29 20:19:21,0
2024-05-29 20:20:21,0
2024-05-29 20:21:21,0
2024-05-29 20:22:21,0
2024-05-29 20:23:21,0
2024-05-29 20:24:21,0
2024-05-29 20:25:20,0
2024-05-29 20:26:21,0
2024-05-29 20:27:21,0
2024-05-29 20:28:21,0
2024-05-29 20:29:21,0
2024-05-29 20:30:21,0
2024-05-29 20:31:21,0
2024-05-29 20:32:21,0
2024-05-29 20:33:21,0
2024-05-29 20:34:21,0
2024-05-29 20:35:21,0
2024-05-29 20:36:21,0
2024-05-29 20:37:21,0
2024-05-29 20:38:21,0
2024-05-29 20:39:21,0
2024-05-29 20:40:21,0
2024-05-29 20:41:21,0
2024-05-29 20:42:21,0
2024-05-29 20:43:21,0
2024-05-29 20:44:21,0
2024-05-29 20:45:21,0
2024-05-29 20:46:21,0
2024-05-29 20:47:21,0
2024-05-29 20:48:21,0
2024-05-29 20:49:21,0
2024-05-29 20:50:22,0
2024-05-29 20:51:21,0
2024-05-29 20:52:21,0
2024-05-29 20:53:21,0
2024-05-29 20:54:21,0
2024-05-29 20:55:21,0
2024-05-29 20:56:22,0
2024-05-29 20:57:21,0
2024-05-29 20:58:22,0
2024-05-29 20:59:22,0
2024-05-29 21:00:22,0
2024-05-29 21:01:22,0
2024-05-29 21:02:22,0
2024-05-29 21:03:22,0
2024-05-29 21:04:22,0
2024-05-29 21:05:22,0
2024-05-29 21:06:22,0
2024-05-29 21:07:22,0
2024-05-29 21:08:22,0
2024-05-29 21:09:22,0
2024-05-29 21:10:22,0
2024-05-29 21:11:22,0
2024-05-29 21:12:22,0
2024-05-29 21:13:22,0
2024-05-29 21:14:22,0
2024-05-29 21:15:22,0
2024-05-29 21:16:22,0
2024-05-29 21:17:22,0
2024-05-29 21:18:22,0
2024-05-29 21:19:22,0
2024-05-29 21:20:22,0
2024-05-29 21:21:22,0
2024-05-29 21:22:22,0
2024-05-29 21:23:22,0
2024-05-29 21:24:23,0
2024-05-29 21:25:22,0
2024-05-29 21:26:23,0
2024-05-29 21:27:22,0
2024-05-29 21:28:23,0
2024-05-29 21:29:23,0
2024-05-29 21:30:23,0
2024-05-29 21:31:22,0
2024-05-29 21:32:22,0
2024-05-29 21:33:22,0
2024-05-29 21:34:23,0
2024-05-29 21:35:23,0
2024-05-29 21:36:23,0
2024-05-29 21:37:23,0
2024-05-29 21:38:23,0
2024-05-29 21:39:23,0
2024-05-29 21:40:23,0
2024-05-29 21:41:23,0
2024-05-29 21:42:23,0
2024-05-29 21:43:23,0
2024-05-29 21:44:27,0
2024-05-29 21:45:23,0
2024-05-29 21:46:23,0
2024-05-29 21:47:23,0
2024-05-29 21:48:23,0
2024-05-29 21:49:23,0
2024-05-29 21:50:23,0
2024-05-29 21:51:23,0
2024-05-29 21:52:23,0
2024-05-29 21:53:23,0
2024-05-29 21:54:23,0
2024-05-29 21:55:23,0
2024-05-29 21:56:23,0
2024-05-29 21:57:23,0
2024-05-29 21:58:23,0
2024-05-29 21:59:23,0
2024-05-29 22:00:23,0
2024-05-29 22:01:24,0
2024-05-29 22:02:23,0
2024-05-29 22:03:23,0
2024-05-29 22:04:24,0
2024-05-29 22:05:24,0
2024-05-29 22:06:24,0
2024-05-29 22:07:24,0
2024-05-29 22:08:24,0
2024-05-29 22:09:24,0
2024-05-29 22:10:24,0
2024-05-29 22:11:24,0
2024-05-29 22:12:24,0
2024-05-29 22:13:24,0
2024-05-29 22:14:24,0
2024-05-29 22:15:24,0
2024-05-29 22:16:24,0
2024-05-29 22:17:24,0
2024-05-29 22:18:24,0
2024-05-29 22:19:24,0
2024-05-29 22:20:24,0
2024-05-29 22:21:24,0
2024-05-29 22:22:24,0
2024-05-29 22:23:24,0
2024-05-29 22:24:24,0
2024-05-29 22:25:24,0
2024-05-29 22:26:24,0
2024-05-29 22:27:40,0
2024-05-29 22:28:25,0
2024-05-29 22:29:25,0
2024-05-29 22:30:25,0
2024-05-29 22:31:25,0
2024-05-29 22:32:25,0
2024-05-29 22:33:25,0
2024-05-29 22:34:24,0
2024-05-29 22:35:24,0
2024-05-29 22:36:24,0
2024-05-29 22:37:25,0
2024-05-29 22:38:24,0
2024-05-29 22:39:25,0
2024-05-29 22:40:26,0
2024-05-29 22:41:25,0
2024-05-29 22:42:25,0
2024-05-29 22:43:25,0
2024-05-29 22:44:24,0
2024-05-29 22:45:24,0
2024-05-29 22:46:25,0
2024-05-29 22:47:25,0
2024-05-29 22:48:25,0
2024-05-29 22:49:25,0
2024-05-29 22:50:25,0
2024-05-29 22:51:25,0
2024-05-29 22:52:25,0
2024-05-29 22:53:25,0
2024-05-29 22:54:25,0
2024-05-29 22:55:25,0
2024-05-29 22:56:25,0
2024-05-29 22:57:25,0
2024-05-29 22:58:25,0
2024-05-29 22:59:25,0
2024-05-29 23:00:25,0
2024-05-29 23:01:25,0
2024-05-29 23:02:25,0
2024-05-29 23:03:25,0
2024-05-29 23:04:25,0
2024-05-29 23:05:25,0
2024-05-29 23:06:25,0
2024-05-29 23:07:25,0
2024-05-29 23:08:25,0
2024-05-29 23:09:25,0
2024-05-29 23:10:25,0
2024-05-29 23:11:26,0
2024-05-29 23:12:26,0
2024-05-29 23:13:26,0
2024-05-29 23:14:26,0
2024-05-29 23:15:26,0
2024-05-29 23:16:26,0
2024-05-29 23:17:26,0
2024-05-29 23:18:25,0
2024-05-29 23:19:26,0
2024-05-29 23:20:26,0
2024-05-29 23:21:25,0
2024-05-29 23:22:25,0
2024-05-29 23:23:25,0
2024-05-29 23:24:26,0
2024-05-29 23:25:25,0
2024-05-29 23:26:25,0
2024-05-29 23:27:26,0
2024-05-29 23:28:26,0
2024-05-29 23:29:26,0
2024-05-29 23:30:26,0
2024-05-29 23:31:26,0
2024-05-29 23:32:26,0
2024-05-29 23:33:26,0
2024-05-29 23:34:26,0
2024-05-29 23:35:26,0
2024-05-29 23:36:26,0
2024-05-29 23:37:27,0
2024-05-29 23:38:26,0
2024-05-29 23:39:26,0
2024-05-29 23:40:26,0
2024-05-29 23:41:26,0
2024-05-29 23:42:26,0
2024-05-29 23:43:26,0
2024-05-29 23:44:26,0
2024-05-29 23:45:26,0
2024-05-29 23:46:26,0
2024-05-29 23:47:26,0
2024-05-29 23:48:26,0
2024-05-29 23:49:26,0
2024-05-29 23:50:26,0
2024-05-29 23:51:26,0
2024-05-29 23:52:27,0
2024-05-29 23:53:27,0
2024-05-29 23:54:27,0
2024-05-29 23:55:27,0
2024-05-29 23:56:27,0
2024-05-29 23:57:27,0
2024-05-29 23:58:27,0
2024-05-29 23:59:27,0
2024-05-30 00:00:27,0
2024-05-30 00:01:27,0
2024-05-30 00:02:27,0
2024-05-30 00:03:27,0
2024-05-30 00:04:26,0
2024-05-30 00:05:27,0
2024-05-30 00:06:27,0
2024-05-30 00:07:27,0
2024-05-30 00:08:27,0
2024-05-30 00:09:27,0
2024-05-30 00:10:27,0
2024-05-30 00:11:27,0
2024-05-30 00:12:27,0
2024-05-30 00:13:27,0
2024-05-30 00:14:27,0
2024-05-30 00:15:40,0
2024-05-30 00:16:27,0
2024-05-30 00:17:27,0
2024-05-30 00:18:27,0
2024-05-30 00:19:28,0
2024-05-30 00:20:27,0
2024-05-30 00:21:28,0
2024-05-30 00:22:27,0
2024-05-30 00:23:27,0
2024-05-30 00:24:27,0
2024-05-30 00:25:27,0
2024-05-30 00:26:27,0
2024-05-30 00:27:27,0
2024-05-30 00:28:27,0
2024-05-30 00:29:28,0
2024-05-30 00:30:27,0
2024-05-30 00:31:27,0
2024-05-30 00:32:28,0
2024-05-30 00:33:28,0
2024-05-30 00:34:28,0
2024-05-30 00:35:28,0
2024-05-30 00:36:27,0
2024-05-30 00:37:30,0
2024-05-30 00:38:28,0
2024-05-30 00:39:28,0
2024-05-30 00:40:28,0
2024-05-30 00:41:28,0
2024-05-30 00:42:28,0
2024-05-30 00:43:28,0
2024-05-30 00:44:28,0
2024-05-30 00:45:28,0
2024-05-30 00:46:28,0
2024-05-30 00:47:28,0
2024-05-30 00:48:28,0
2024-05-30 00:49:28,0
2024-05-30 00:50:28,0
2024-05-30 00:51:28,0
2024-05-30 00:52:28,0
2024-05-30 00:53:28,0
2024-05-30 00:54:28,0
2024-05-30 00:55:28,0
2024-05-30 00:56:28,0
2024-05-30 00:57:28,0
2024-05-30 00:58:28,0
2024-05-30 00:59:29,0
2024-05-30 01:00:29,0
2024-05-30 01:01:29,0
2024-05-30 01:02:29,0
2024-05-30 01:03:29,0
2024-05-30 01:04:29,0
2024-05-30 01:05:29,0
2024-05-30 01:06:29,0
2024-05-30 01:07:29,0
2024-05-30 01:08:28,0
2024-05-30 01:09:29,0
2024-05-30 01:10:29,0
2024-05-30 01:11:28,0
2024-05-30 01:12:29,0
2024-05-30 01:13:29,0
2024-05-30 01:14:29,0
2024-05-30 01:15:29,0
2024-05-30 01:16:29,0
2024-05-30 01:17:29,0
2024-05-30 01:18:29,0
2024-05-30 01:19:29,0
2024-05-30 01:20:42,0
2024-05-30 01:21:29,0
2024-05-30 01:22:29,0
2024-05-30 01:23:29,0
2024-05-30 01:24:29,0
2024-05-30 01:25:29,0
2024-05-30 01:26:29,0
2024-05-30 01:27:29,0
2024-05-30 01:28:29,0
2024-05-30 01:29:29,0
2024-05-30 01:30:29,0
2024-05-30 01:31:29,0
2024-05-30 01:32:29,0
2024-05-30 01:33:29,0
2024-05-30 01:34:29,0
2024-05-30 01:35:29,0
2024-05-30 01:36:29,0
2024-05-30 01:37:30,0
2024-05-30 01:38:29,0
2024-05-30 01:39:30,0
2024-05-30 01:40:29,0
2024-05-30 01:41:29,0
2024-05-30 01:42:30,0
2024-05-30 01:43:30,0
2024-05-30 01:44:30,0
2024-05-30 01:45:30,0
2024-05-30 01:46:30,0
2024-05-30 01:47:30,0
2024-05-30 01:48:30,0
2024-05-30 01:49:30,0
2024-05-30 01:50:30,0
2024-05-30 01:51:30,0
2024-05-30 01:52:30,0
2024-05-30 01:53:30,0
2024-05-30 01:54:30,0
2024-05-30 01:55:30,0
2024-05-30 01:56:30,0
2024-05-30 01:57:31,0
2024-05-30 01:58:30,0
2024-05-30 01:59:30,0
2024-05-30 02:00:30,0
2024-05-30 02:01:30,0
2024-05-30 02:02:30,0
2024-05-30 02:03:30,0
2024-05-30 02:04:31,0
2024-05-30 02:05:30,0
2024-05-30 02:06:31,0
2024-05-30 02:07:30,0
2024-05-30 02:08:31,0
2024-05-30 02:09:30,0
2024-05-30 02:10:31,0
2024-05-30 02:11:30,0
2024-05-30 02:12:30,0
2024-05-30 02:13:31,0
2024-05-30 02:14:31,0
2024-05-30 02:15:31,0
2024-05-30 02:16:31,0
2024-05-30 02:17:31,0
2024-05-30 02:18:31,0
2024-05-30 02:19:31,0
2024-05-30 02:20:31,0
2024-05-30 02:21:31,0
2024-05-30 02:22:31,0
2024-05-30 02:23:31,0
2024-05-30 02:24:31,0
2024-05-30 02:25:47,0
2024-05-30 02:26:31,0
2024-05-30 02:27:31,0
2024-05-30 02:28:31,0
2024-05-30 02:29:31,0
2024-05-30 02:30:32,0
2024-05-30 02:31:32,0
2024-05-30 02:32:31,0
2024-05-30 02:33:31,0
2024-05-30 02:34:31,0
2024-05-30 02:35:31,0
2024-05-30 02:36:31,0
2024-05-30 02:37:31,0
2024-05-30 02:38:31,0
2024-05-30 02:39:32,0
2024-05-30 02:40:31,0
2024-05-30 02:41:31,0
2024-05-30 02:42:31,0
2024-05-30 02:43:32,0
2024-05-30 02:44:31,0
2024-05-30 02:45:31,0
2024-05-30 02:46:32,0
2024-05-30 02:47:32,0
2024-05-30 02:48:32,0
2024-05-30 02:49:32,0
2024-05-30 02:50:32,0
2024-05-30 02:51:32,0
2024-05-30 02:52:32,0
2024-05-30 02:53:32,0
2024-05-30 02:54:32,0
2024-05-30 02:55:32,0
2024-05-30 02:56:32,0
2024-05-30 02:57:32,0
2024-05-30 02:58:32,0
2024-05-30 02:59:32,0
2024-05-30 03:00:32,0
2024-05-30 03:01:32,0
2024-05-30 03:02:32,0
2024-05-30 03:03:32,0
2024-05-30 03:04:32,0
2024-05-30 03:05:32,0
2024-05-30 03:06:32,0
2024-05-30 03:07:32,0
2024-05-30 03:08:32,0
2024-05-30 03:09:32,0
2024-05-30 03:10:33,0
2024-05-30 03:11:33,0
2024-05-30 03:12:32,0
2024-05-30 03:13:33,0
2024-05-30 03:14:32,0
2024-05-30 03:15:33,0
2024-05-30 03:16:32,0
2024-05-30 03:17:32,0
2024-05-30 03:18:33,0
2024-05-30 03:19:33,0
2024-05-30 03:20:33,0
2024-05-30 03:21:33,0
2024-05-30 03:22:33,0
2024-05-30 03:23:33,0
2024-05-30 03:24:33,0
2024-05-30 03:25:33,0
2024-05-30 03:26:33,0
2024-05-30 03:27:33,0
2024-05-30 03:28:33,0
2024-05-30 03:29:33,0
2024-05-30 03:30:33,0
2024-05-30 03:31:33,0
2024-05-30 03:32:33,0
2024-05-30 03:33:33,0
2024-05-30 03:34:33,0
2024-05-30 03:35:33,0
2024-05-30 03:36:33,0
2024-05-30 03:37:33,0
2024-05-30 03:38:33,0
2024-05-30 03:39:33,0
2024-05-30 03:40:33,0
2024-05-30 03:41:33,0
2024-05-30 03:42:33,0
2024-05-30 03:43:33,0
2024-05-30 03:44:33,0
2024-05-30 03:45:34,0
2024-05-30 03:46:33,0
2024-05-30 03:47:33,0
2024-05-30 03:48:33,0
2024-05-30 03:49:33,0
2024-05-30 03:50:33,0
2024-05-30 03:51:34,0
2024-05-30 03:52:33,0
2024-05-30 03:53:34,0
2024-05-30 03:54:34,0
2024-05-30 03:55:34,0
2024-05-30 03:56:34,0
2024-05-30 03:57:34,0
2024-05-30 03:58:34,0
2024-05-30 03:59:34,0
2024-05-30 04:00:34,0
2024-05-30 04:01:34,0
2024-05-30 04:02:34,0
2024-05-30 04:03:34,0
2024-05-30 04:04:34,0
2024-05-30 04:05:34,0
2024-05-30 04:06:34,0
2024-05-30 04:07:34,0
2024-05-30 04:08:34,0
2024-05-30 04:09:34,0
2024-05-30 04:10:34,0
2024-05-30 04:11:34,0
2024-05-30 04:12:34,0
2024-05-30 04:13:43,0
2024-05-30 04:14:34,0
2024-05-30 04:15:34,0
2024-05-30 04:16:35,0
2024-05-30 04:17:34,0
2024-05-30 04:18:35,0
2024-05-30 04:19:34,0
2024-05-30 04:20:34,0
2024-05-30 04:21:34,0
2024-05-30 04:22:34,0
2024-05-30 04:23:34,0
2024-05-30 04:24:34,0
2024-05-30 04:25:34,0
2024-05-30 04:26:34,0
2024-05-30 04:27:34,0
2024-05-30 04:28:34,0
2024-05-30 04:29:34,0
2024-05-30 04:30:35,0
2024-05-30 04:31:37,0
2024-05-30 04:32:35,0
2024-05-30 04:33:35,0
2024-05-30 04:34:35,0
2024-05-30 04:35:35,0
2024-05-30 04:36:35,0
2024-05-30 04:37:35,0
2024-05-30 04:38:35,0
2024-05-30 04:39:35,0
2024-05-30 04:40:35,0
2024-05-30 04:41:35,0
2024-05-30 04:42:35,0
2024-05-30 04:43:35,0
2024-05-30 04:44:35,0
2024-05-30 04:45:35,0
2024-05-30 04:46:35,0
2024-05-30 04:47:35,0
2024-05-30 04:48:36,0
2024-05-30 04:49:35,0
2024-05-30 04:50:35,0
2024-05-30 04:51:35,0
2024-05-30 04:52:35,0
2024-05-30 04:53:35,0
2024-05-30 04:54:35,0
2024-05-30 04:55:36,0
2024-05-30 04:56:45,0
2024-05-30 04:57:35,0
2024-05-30 04:58:35,0
2024-05-30 04:59:36,0
2024-05-30 05:00:36,0
2024-05-30 05:01:36,0
2024-05-30 05:02:36,0
2024-05-30 05:03:36,0
2024-05-30 05:04:36,0
2024-05-30 05:05:36,0
2024-05-30 05:06:36,0
2024-05-30 05:07:36,0
2024-05-30 05:08:36,0
2024-05-30 05:09:36,0
2024-05-30 05:10:36,0
2024-05-30 05:11:36,0
2024-05-30 05:12:36,0
2024-05-30 05:13:36,0
2024-05-30 05:14:36,0
2024-05-30 05:15:36,0
2024-05-30 05:16:36,0
2024-05-30 05:17:36,0
2024-05-30 05:18:36,0
2024-05-30 05:19:36,0
2024-05-30 05:20:36,0
2024-05-30 05:21:37,0
2024-05-30 05:22:37,0
2024-05-30 05:23:37,0
2024-05-30 05:24:36,0
2024-05-30 05:25:36,0
2024-05-30 05:26:36,0
2024-05-30 05:27:36,0
2024-05-30 05:28:36,0
2024-05-30 05:29:36,0
2024-05-30 05:30:37,0
2024-05-30 05:31:36,0
2024-05-30 05:32:36,0
2024-05-30 05:33:36,0
2024-05-30 05:34:37,0
2024-05-30 05:35:37,0
2024-05-30 05:36:36,0
2024-05-30 05:37:37,0
2024-05-30 05:38:36,0
2024-05-30 05:39:53,0
2024-05-30 05:40:37,0
2024-05-30 05:41:37,0
2024-05-30 05:42:37,0
2024-05-30 05:43:37,0
2024-05-30 05:44:37,0
2024-05-30 05:45:37,0
2024-05-30 05:46:37,0
2024-05-30 05:47:37,0
2024-05-30 05:48:37,0
2024-05-30 05:49:37,0
2024-05-30 05:50:37,0
2024-05-30 05:51:37,0
2024-05-30 05:52:37,0
2024-05-30 05:53:37,0
2024-05-30 05:54:37,0
2024-05-30 05:55:37,0
2024-05-30 05:56:37,0
2024-05-30 05:57:37,0
2024-05-30 05:58:37,0
2024-05-30 05:59:37,0
2024-05-30 06:00:37,0
2024-05-30 06:01:37,0
2024-05-30 06:02:38,0
2024-05-30 06:03:37,0
2024-05-30 06:04:38,0
2024-05-30 06:05:37,0
2024-05-30 06:06:38,0
2024-05-30 06:07:37,0
2024-05-30 06:08:38,0
2024-05-30 06:09:37,0
2024-05-30 06:10:38,0
2024-05-30 06:11:38,0
2024-05-30 06:12:37,0
2024-05-30 06:13:37,0
2024-05-30 06:14:38,0
2024-05-30 06:15:37,0
2024-05-30 06:16:38,0
2024-05-30 06:17:38,0
2024-05-30 06:18:38,0
2024-05-30 06:19:38,0
2024-05-30 06:20:38,0
2024-05-30 06:21:38,0
2024-05-30 06:22:38,0
2024-05-30 06:23:38,0
2024-05-30 06:24:38,0
2024-05-30 06:25:40,0
2024-05-30 06:26:39,0
2024-05-30 06:27:41,0
2024-05-30 06:28:38,0
2024-05-30 06:29:39,0
2024-05-30 06:30:39,0
2024-05-30 06:31:38,0
2024-05-30 06:32:38,0
2024-05-30 06:33:39,0
2024-05-30 06:34:39,0
2024-05-30 06:35:39,0
2024-05-30 06:36:39,0
2024-05-30 06:37:38,0
2024-05-30 06:38:39,0
2024-05-30 06:39:39,0
2024-05-30 06:40:39,0
2024-05-30 06:41:39,0
2024-05-30 06:42:39,0
2024-05-30 06:43:39,0
2024-05-30 06:44:47,0
2024-05-30 06:45:39,0
2024-05-30 06:46:39,0
2024-05-30 06:47:39,0
2024-05-30 06:48:39,0
2024-05-30 06:49:39,0
2024-05-30 06:50:39,0
2024-05-30 06:51:39,0
2024-05-30 06:52:39,0
2024-05-30 06:53:39,0
2024-05-30 06:54:39,0
2024-05-30 06:55:39,0
2024-05-30 06:56:39,0
2024-05-30 06:57:39,0
2024-05-30 06:58:39,0
2024-05-30 06:59:39,0
2024-05-30 07:00:40,0
2024-05-30 07:01:39,0
2024-05-30 07:02:39,0
2024-05-30 07:03:39,0
2024-05-30 07:04:39,0
2024-05-30 07:05:39,0
2024-05-30 07:06:40,0
2024-05-30 07:07:40,0
2024-05-30 07:08:40,0
2024-05-30 07:09:40,0
2024-05-30 07:10:40,0
2024-05-30 07:11:40,0
2024-05-30 07:12:40,0
2024-05-30 07:13:39,0
2024-05-30 07:14:39,0
2024-05-30 07:15:39,0
2024-05-30 07:16:39,0
2024-05-30 07:17:39,0
2024-05-30 07:18:39,0
2024-05-30 07:19:39,0
2024-05-30 07:20:40,0
2024-05-30 07:21:39,0
2024-05-30 07:22:40,0
2024-05-30 07:23:40,0
2024-05-30 07:24:40,0
2024-05-30 07:25:39,0
2024-05-30 07:26:40,0
2024-05-30 07:27:40,0
2024-05-30 07:28:40,0
2024-05-30 07:29:40,0
2024-05-30 07:30:40,0
2024-05-30 07:31:40,0
2024-05-30 07:32:40,0
2024-05-30 07:33:40,0
2024-05-30 07:34:40,0
2024-05-30 07:35:40,0
2024-05-30 07:36:40,0
2024-05-30 07:37:40,0
2024-05-30 07:38:40,0
2024-05-30 07:39:40,0
2024-05-30 07:40:40,0
2024-05-30 07:41:40,0
2024-05-30 07:42:40,0
2024-05-30 07:43:40,0
2024-05-30 07:44:40,0
2024-05-30 07:45:40,0
2024-05-30 07:46:40,0
2024-05-30 07:47:40,0
2024-05-30 07:48:40,0
2024-05-30 07:49:43,0
2024-05-30 07:50:41,0
2024-05-30 07:51:41,0
2024-05-30 07:52:41,0
2024-05-30 07:53:41,0
2024-05-30 07:54:41,0
2024-05-30 07:55:41,0
2024-05-30 07:56:41,0
2024-05-30 07:57:41,0
2024-05-30 07:58:41,0
2024-05-30 07:59:41,0
2024-05-30 08:00:41,0
2024-05-30 08:01:41,0
2024-05-30 08:02:41,0
2024-05-30 08:03:41,0
2024-05-30 08:04:41,0
2024-05-30 08:05:41,0
2024-05-30 08:06:41,0
2024-05-30 08:07:41,0
2024-05-30 08:08:41,0
2024-05-30 08:09:41,0
2024-05-30 08:10:41,0
2024-05-30 08:11:41,0
2024-05-30 08:12:42,0
2024-05-30 08:13:41,0
2024-05-30 08:14:42,0
2024-05-30 08:15:42,0
2024-05-30 08:16:41,0
2024-05-30 08:17:41,0
2024-05-30 08:18:41,0
2024-05-30 08:19:41,0
2024-05-30 08:20:41,0
2024-05-30 08:21:41,0
2024-05-30 08:22:42,0
2024-05-30 08:23:42,0
2024-05-30 08:24:42,0
2024-05-30 08:25:41,0
2024-05-30 08:26:41,0
2024-05-30 08:27:42,0
2024-05-30 08:28:42,0
2024-05-30 08:29:41,0
2024-05-30 08:30:42,0
2024-05-30 08:31:42,0
2024-05-30 08:32:42,0
2024-05-30 08:33:42,0
2024-05-30 08:34:42,0
2024-05-30 08:35:42,0
2024-05-30 08:36:42,0
2024-05-30 08:37:42,0
2024-05-30 08:38:42,0
2024-05-30 08:39:42,0
2024-05-30 08:40:42,0
2024-05-30 08:41:42,0
2024-05-30 08:42:42,0
2024-05-30 08:43:42,0
2024-05-30 08:44:42,0
2024-05-30 08:45:42,0
2024-05-30 08:46:42,0
2024-05-30 08:47:43,0
2024-05-30 08:48:42,0
2024-05-30 08:49:42,0
2024-05-30 08:50:42,0
2024-05-30 08:51:42,0
2024-05-30 08:52:42,0
2024-05-30 08:53:42,0
2024-05-30 08:54:42,0
2024-05-30 08:55:43,0
2024-05-30 08:56:43,0
2024-05-30 08:57:43,0
2024-05-30 08:58:43,0
2024-05-30 08:59:43,0
2024-05-30 09:00:43,0
2024-05-30 09:01:43,0
2024-05-30 09:02:43,0
2024-05-30 09:03:43,0
2024-05-30 09:04:43,0
2024-05-30 09:05:43,0
2024-05-30 09:06:43,0
2024-05-30 09:07:43,0
2024-05-30 09:08:42,0
2024-05-30 09:09:43,0
2024-05-30 09:10:43,0
2024-05-30 09:11:43,0
2024-05-30 09:12:43,0
2024-05-30 09:13:43,0
2024-05-30 09:14:43,0
2024-05-30 09:15:43,0
2024-05-30 09:16:43,0
2024-05-30 09:17:43,0
2024-05-30 09:18:44,0
2024-05-30 09:19:43,0
2024-05-30 09:20:44,0
2024-05-30 09:21:43,0
2024-05-30 09:22:44,0
2024-05-30 09:23:43,0
2024-05-30 09:24:43,0
2024-05-30 09:25:43,0
2024-05-30 09:26:44,7705
2024-05-30 09:27:44,7705
2024-05-30 09:28:44,0
2024-05-30 09:29:44,0
2024-05-30 09:30:44,0
2024-05-30 09:31:44,0
2024-05-30 09:32:44,0
2024-05-30 09:33:44,0
2024-05-30 09:34:44,0
2024-05-30 09:35:44,0
2024-05-30 09:36:44,0
2024-05-30 09:37:51,0
2024-05-30 09:38:44,0
2024-05-30 09:39:44,0
2024-05-30 09:40:44,0
2024-05-30 09:41:44,0
2024-05-30 09:42:44,0
2024-05-30 09:43:44,0
2024-05-30 09:44:44,0
2024-05-30 09:45:44,0
2024-05-30 09:46:44,0
2024-05-30 09:47:44,0
2024-05-30 09:48:44,0
2024-05-30 09:49:44,0
2024-05-30 09:50:44,0
2024-05-30 09:51:44,0
2024-05-30 09:52:44,0
2024-05-30 09:53:44,0
2024-05-30 09:54:44,0
2024-05-30 09:55:44,0
2024-05-30 09:56:44,0
2024-05-30 09:57:44,0
2024-05-30 09:58:44,0
2024-05-30 09:59:45,0
2024-05-30 10:00:45,0
2024-05-30 10:01:44,0
2024-05-30 10:02:48,0
2024-05-30 10:03:45,0
2024-05-30 10:04:45,0
2024-05-30 10:05:45,0
2024-05-30 10:06:45,0
2024-05-30 10:07:44,0
2024-05-30 10:08:45,0
2024-05-30 10:09:45,0
2024-05-30 10:10:44,0